ID,Numero,Data_Abertura,Comunidade,Municipio,Area_ha,Num_familias,Fase_Processo,Etapa_RTID,Edital_DOU,Edital_DOE,Portaria_DOU,Decreto_DOU,Area_ha_Titulada,PNRA,Relatorio_Antropologico,Latitude,Longitude,Certidao_FCP,Data_Certificacao,Sobreposicao,Analise_de_Sobreposicao,Acao_Civil_Publica,Data_Decisao,Teor_Decisao_Prazo_Sentença,Outras_Informacoes
1,54230.003796/2004-18,16-07-2004,Santa Joana,Codó,1196.8424,18.0,Titulação,['RTID_Concluído'],02-02 e 31-03-2005,,27-09-2006,23-11-2009,,,Execução_Direta,-4.6139081584,-43.9614317943,Certificada,23-08-2005,['AREA_PARTICULAR'],,Sem_ACP,,,"Port. de Reconhecimento n 359
Entrar contato com a PFE para atualizar situação judicial da titulação"
2,54230.004776/2004-56,29-07-2004,Nova Esperança,Turiaçu,,,Inicial,['Sem_RTID'],,,,,,,Sem_Relatório,,,Não-certificada,,['PA_ITERMA'],PA  N. Esperança/ Cutia/São José,Sem_ACP,,,Verificar com a comunidade sobre certidão e conitnuidade do processo
3,54230.003775/2004-94,16-08-2004,Jiquiri/São Raimundo,Santa Rita,1999.6214,168.0,Recurso,['RTID_Concluído'],01 e 02-12-2020,,,,,,Contrato,-3.2260775486,-44.3114080815,Certificada,10-08-2005,['AREA_PARTICULAR'],,Sem_ACP,,,Pendência de notificação. Depois Instrução para Portaria. EcoDimensao
4,54230.003794/2004-11,16-08-2004,Monge Belo,Itapecuru-Mirim,7246.6129,257.0,Desapropriação,['RTID_Concluído'],24 e 25-08-2010,,12-06-2015,04-04-2016,,,Execução_Direta,-3.2546833109,-44.457063894,Certificada,16-12-2004,['AREA_PARTICULAR'],,Sentença_Cumprida,11-07-2012,"Concluir RTID em 100 dias
RTID concluído","Port. 268
Aguardando condições operacionais para realizar o Conjunto Avaliação de imóveis - 36 imóveis no território"
5,54230.003791/2004-87,16-08-2004,Saco das Almas,Brejo,,1298.0,RTID,"['Antropológico_concluído', 'Cadastro_família_andamento', 'Fundiário_andamento']",,,,,,,Contrato,-3.7997586823,-42.8274545047,Certificada,14-07-2005,"['PA_INCRA', 'PA_ITERMA', 'AREA_PARTICULAR', 'OUTRO_TQ']",,Com_Sentença,15-04-2013,Concluir RTID,Rafael incluir area do TQ. Demacamp
6,54230.003776/2004-39,16-08-2004,Santa Maria dos Pinheiros,Itapecuru-Mirim,1021.0956,30.0,Titulação,['RTID_Concluído'],02-02 e 31-03-05,,20-10-2006,16-12-2010,,CONCLUIDO,Execução_Direta,,,Certificada,15-09-1999,['PA_INCRA'],PA Santa Maria dos Pinheiros,Com_Sentença,09-01-2010,,"Titulação de terra (CCDRU), de parte da área
Port. n 383
Consultar situação do processo de titulação
Qual tamanho da área titulada?"
7,54230.005013/2004-22,07-09-2004,Finca Pé,Presidente Vargas,,,Inicial,['Sem_RTID'],,,,,,,Sem_Relatório,,,Certificada,04-11-2004,['PA_INCRA'],PA Finca Pé,Sem_ACP,,,
8,54230.003774/2004-40,27-09-2004,Aliança/Santa Joana,Cururupu,7741.6035,221.0,Titulação,['RTID_Concluído'],15-02 e 30-03-2005,,27-09-2006,23-11-2009,,,Execução_Direta,-1.9203124785,-44.7951267795,Certificada,23-05-2005,['AREA_PARTICULAR'],,Sem_ACP,,,"Port. de Reconhecimento n 367
Rosangela revisar numero de familias"
9,54230.003782/2004-96,27-09-2004,Bacuri dos Pires,Cantanhede,"3297,0000",,RTID,['Antropológico_concluído'],,,,,,,Contrato,,,Certificada,08-11-2015,['AREA_PARTICULAR'],,Sem_ACP,,,Terra
10,54230.004784/2004-01,27-09-2004,Filipa,Itapecuru-Mirim,,,Inicial,['Sem_RTID'],,,,,,,Sem_Relatório,,,Certificada,27-09-2004,['PA_INCRA'],PA Entroncamento,Sem_ACP,,,
11,54230.004778/2004-45,27-09-2004,Ipiranga do Carmina,Itapecuru-Mirim,"1422,7118",52.0,Portaria,['RTID_Concluído'],18 e 22-08-2005,,27-09-2006,,,,Execução_Direta,-3.3871518542,-44.2257063192,Certificada,09-11-2004,['PA_INCRA'],PA Ipiranga do Carmina,Sem_ACP,,,"Port. 361
Pendente de Kit Decreto"
12,54230.004785/2004-47,27-09-2004,Jamary dos Pretos,Turiaçu,8063.6184,168.0,Decreto,['RTID_Concluído'],18 e 22-08-2005,,23-03-2007,,,,Execução_Direta,-1.9087243574,-45.3725514244,Certificada,31-10-2014,['PA_INCRA'],PA Jamary,Sem_Sentença,,,Port. n 34
13,54230.004772/2004-78,27-09-2004,Santana dos Pretos,Pinheiro,,,Inicial,['Sem_RTID'],,,,,,,Sem_Relatório,,,Certificada,03-05-2005,['PA_INCRA'],PA Santana dos Pretos,Sem_ACP,,,
14,54230.004852/2004-23,29-09-2004,Alto Bonito,Penalva,,,Inicial,['Sem_RTID'],,,,,,,Sem_Relatório,,,Certificada,19-09-2013,['SEM_INFORMAÇÃO'],,Sem_ACP,,,
15,54230.004780/2004-14,29-09-2004,Boqueirão dos Vieiras,Codó,,,Inicial,['Sem_RTID'],,,,,,,Sem_Relatório,,,Não-certificada,,['PA_INCRA'],PA Boqueirão dos Vieiras,Sem_ACP,,,
16,54230.004775/2004-10,29-09-2004,Cutia/Santa Rita/Baiuna,Turiaçu,,,Inicial,['Sem_RTID'],,,,,,,Sem_Relatório,,,Não-certificada,,['PA_INCRA'],PA Cutia/Baiuna,Sem_ACP,,,
17,54230.004773/2004-12,29-09-2004,Estiva II/Beleza,Central do Maranhão,,,Inicial,['Sem_RTID'],,,,,,,Sem_Relatório,,,Certificada,18-05-2006,['SEM_INFORMAÇÃO'],,Sem_ACP,,,
18,54230.004779/2004-90,29-09-2004,Matões dos Moreira,Codó,5297.1082,143.0,Decreto,['RTID_Concluído'],28-07-2005 e 27-11-2006,,04-09-2007,06-12-2013,,,Execução_Direta,-4.684018563,-44.2044702025,Certificada,12-09-2005,['PA_INCRA'],PA Matões dos Moreira,Sem_ACP,,,Port. n 196
19,54230.004781/2004-69,29-09-2004,Monte Alegre / Olho D'água dos Grilos,São Luís Gonzaga do MA,2922.4598,99.0,RTID,['Antropológico_concluído'],,,,,,,Execução_Direta,,,Certificada, 30-07-2013,['PA_INCRA'],PA Olho D´água dos Grilos,Com_Decisão_Liminar,26-01-2021,Concluir regularização,Conflito assentados e quilombolas
20,54230.004786/2004-91,30-09-2004,Bolonha,Cajari,,,Inicial,['Sem_RTID'],,,,,,,Sem_Relatório,,,Certificada,28-07-2006,['SEM_INFORMAÇÃO'],,Sem_ACP,,,
21,54230.004783/2004-58,30-09-2004,Santa Rita dos Matões,Codó,,,Inicial,['Sem_RTID'],,,,,,,Sem_Relatório,,,Não-certificada,,['PA_INCRA'],PA Santa Rita dos Matões,Sem_ACP,,,
22,54230.004922/2004-43,04-10-2004,Vila Nova de Ana Dias,Viana,,,Inicial,['Sem_RTID'],,,,,,,Sem_Relatório,,,Não-certificada,,['PA_INCRA'],PA Vila Nova de Ana Dias,Sem_ACP,,,
23,54230.005018/2004-55,05-10-2004,Outeiro,Turiaçu,,,Inicial,['Sem_RTID'],,,,,,,Sem_Relatório,,,Não-certificada,,['PA_INCRA'],PA Outeiro,Sem_ACP,,,
24,54230.005015/2004-11,05-10-2004,Pitoró dos Pretos,Capinzal do Norte,"475,4000",140.0,Portaria,['RTID_Concluído'],07 e 09-06-2010,,,,,,Execução_Direta,-4.550375941,-44.271412937,Certificada,24-03-2010,['PA_INCRA'],PA Conceição Salazar (1998),Sem_ACP,,,Uma parte do território em Peritoró do Norte
25,54230.005014/2004-77,07-10-2004,Maxixe,Mirinzal,,,Inicial,['Sem_RTID'],,,,,,,Sem_Relatório,,,Certificada,17-10-2022,['PA_INCRA'],PA Livramento (1999),Sem_ACP,,,
26,54230.005017/2004-19,07-10-2004,Olho D'água/13 de Maio,Olinda Nova do Maranhão,,,Inicial,['Sem_RTID'],,,,,,,Sem_Relatório,,,Não-certificada,,['PA_INCRA'],PA Olho D'água/13 de maio (1997),Sem_ACP,,,
27,54230.005016/2004-66,07-10-2004,Preguiça,Matinha,,,Inicial,['Sem_RTID'],,,,,,,Sem_Relatório,,,Não-certificada,,['PA_INCRA'],PA Preguiça,Sem_ACP,,,Verificar se é Preguiça Nova ou Preguiça Velha
28,54230.001494/2005-88,13-04-2005,Mata de São Benedito,Itapecuru-Mirim,"1114,3978",35.0,Titulação,['RTID_Concluído'],22 e 28-07-2005,,25-05-2007,23-11-2009,"54,7880",,Execução_Direta,-3.3778239007,-44.4079225133,Certificada,04-06-2004,['AREA_PARTICULAR'],,Sem_ACP,,,Data_Título: 02-12-2014
29,54230.001495/2005-22,13-04-2005,Mocambo/Mirim/Curitiba,Itapecuru-Mirim,,,Inicial,['Sem_RTID'],,,,,,,Sem_Relatório,,,Certificada,13-03-2007,['PA_INCRA'],PA Entrocamento,Com_Decisão_Liminar,,Adotar medidas relacionadas a regularização,
30,54230.001415/2005-39,14-04-2005,Curral Grande,Cururupu,,,Inicial,['Sem_RTID'],,,,,,,Sem_Relatório,,,Não-certificada,,['SEM_INFORMAÇÃO'],,Sem_ACP,,,
31,54230.002398/2006-38,17-05-2005,Mucambo,Viana,,,Inicial,['Sem_RTID'],,,,,,,Sem_Relatório,,,Certificada,30-07-2013,['SEM_INFORMAÇÃO'],,Sem_ACP,,,
32,54230.001497/2005-11,19-04-2005,Piqui/Santa Maria dos Pretos,Itapecuru-Mirim,"5584,1620",352.0,Titulação,['RTID_Concluído'],03 e 04-10-2006,,05-09-2007,23-11-2009,"401,3321",,Execução_Direta,-3.3039968546,-44.2464025777,Certificada,10-12-2004,['PA_INCRA'],PA  Pequi,Sem_Sentença,,Improcedente,"Port 197
Data_Título: 02-12-2014"
33,54230.001872/2005-23,22-04-2005,Rampa/Alto Alegre/Piqui ,Vargem Grande,,,Inicial,['Sem_RTID'],,,,,,,Execução_Direta,,,Certificada,24-03-2010,['SEM_INFORMAÇÃO'],,Com_Decisão_Liminar,,Concluir Regularização,Indicios de que a comunidade seja proprietaria da area. Como a comunidade poderia ser incluída como beneficiária da reforma agrária. Ver com a Maria José do Cadastro de PNRA
34,54230.002046/2005-00,25-04-2005,Laranjeira/Boa Vista,Aldeias Altas,,,Inicial,['Sem_RTID'],,,,,,,Sem_Relatório,,,Não-certificada,,['SEM_INFORMAÇÃO'],,Sem_ACP,,,
35,54230.003412/2005-30,30-05-2005,São Zacarias II,São João do Soter,,,RTID,['Antropológico_concluído'],,,,,,,Contrato,-5.2336894195,-43.7841797364,Certificada,13-12-2006,['AREA_PARTICULAR'],,Sem_Sentença,,Concluir RTID,3R
36,54230.003413/2005-84,30-05-2005,Soledade,Caxias,,,Inicial,['Sem_RTID'],,,,,,,Sem_Relatório,,,Certificada,30-07-2013,['SEM_INFORMAÇÃO'],,Sem_ACP,,,
37,54230.003415/2005-73,31-05-2005,Campo Grande,Turiaçu,,,Inicial,['Sem_RTID'],,,,,,,Sem_Relatório,,,Não-certificada,,['SEM_INFORMAÇÃO'],,Sem_ACP,,,
38,54230.003414/2005-29,31-05-2005,Canta Galo,Itapecuru-Mirim,,,Inicial,['Sem_RTID'],,,,,,,Sem_Relatório,,,Certificada,07-02-2007,['SEM_INFORMAÇÃO'],,Sem_ACP,,,Conflitos entre herdeiros das terras da comunidade
39,54230.003457/2005-12,31-05-2005,Centro de Vovó,Alcântara,,,Inicial,['Sem_RTID'],,,,,,,Sem_Relatório,,,Não-certificada,,['SEM_INFORMAÇÃO'],,Sem_ACP,,,verificar se a área está contida no processo Comunidades de Alcântara
40,54230.003455/2005-15,31-05-2005,Mutiti,Alcântara,,,Inicial,['Sem_RTID'],,,,,,,Sem_Relatório,,,Certificada,21-10-2004,['SEM_INFORMAÇÃO'],,Sem_ACP,,,Integrante do processo comunidades de Alcântara
41,54230.003453/2005-26,31-05-2005,Samucangaua,Alcântara,,,Inicial,['Sem_RTID'],,,,,,,Sem_Relatório,,,Certificada,21-10-2004,['SEM_INFORMAÇÃO'],,Sem_ACP,,,Levantamento sócio-econômico feito pelo CCN/SMDDH. Processo a ser arquivado por ser parte do processo de Alcântara matriz.
42,54230.003456/2005-60,31-05-2005,Santana,Alcântara,,,Inicial,['Sem_RTID'],,,,,,,Sem_Relatório,,,Certificada,21-10-2004,['SEM_INFORMAÇÃO'],,Sem_ACP,,,
43,54230.003668/2005-47,03-06-2005,Bonsucesso,Mata Roma,,,Inicial,['Sem_RTID'],,,,,,,Doação,,,Certificada,16-09-1998,['SEM_INFORMAÇÃO'],,Sem_ACP,,,"Após análise de Dissertação de Mestrado foi dado parecer não aprovativo do Documento, uma vez que não atendeu aos requisitos da Instrução Normativa do INCRA."
44,54230.003909/2005-58,10-06-2005,Santa Rosa dos Pretos,Itapecuru-Mirim,7316.5112,326.0,Decreto,['RTID_Concluído'],14 e 15-10-2008,,11-07-2014,,,,Execução_Direta,-3.2912651848,-44.3826138598,Certificada,20-12-2004,"['PA_INCRA', 'TERRAS_DA_UNIÃO']",PA Entroncamento. BR 135 - Faixa de domínio da União,Com_Sentença,,Concluir Regularização,Port 355
45,54230.003910/2005-82,13-06-2005,Santa Cruz,Buriti,,,RTID,['Antropológico_concluído'],,,,,,,Contrato,,,Certificada,21-02-2005,['SEM_INFORMAÇÃO'],,Sem_ACP,,,Demacamp
46,54230.004960/2005-87,13-06-2005,Árvore Verde,Brejo,"2555,6476",116.0,Portaria,['RTID_Concluído'],18 e 22-08-2005,,25-07-2007,,,,Execução_Direta,-3.7539765186,-42.703222099,Certificada,10-08-2005,['PA_INCRA'],PA Árvore Verde,Sem_ACP,,,Port 170
47,54230.003911/2005-27,13-06-2005,Gapó,Penalva,,,RTID,['Antropológico_concluído'],,,,,,,Contrato,-3.2069564004,-45.3771101551,Certificada,03-03-2011,['AREA_PARTICULAR'],,Sem_ACP,,,EcoDimensao
48,54230.004959/2005-52,14-07-2005,Bom Jesus dos Pretos,Lima Campos,,,Inicial,['Sem_RTID'],,,,,,,Sem_Relatório,,,Certificada,10-08-2005,['SEM_INFORMAÇÃO'],,Sem_ACP,,,Aguardando condições operacionais e financeiras para início dos estudos de identificação e delimitação
49,54230.005588/2005-26,04-08-2005,Nossa Senhora da Conceição / Recurso,Santa Rita,,,Inicial,['Sem_RTID'],,,,,,,Sem_Relatório,,,Certificada,23-08-2005,['SEM_INFORMAÇÃO'],,Sem_ACP,,,
50,54230.005587/2005-81,05-08-2005,Camaputiua,Cajari,,,RTID,"['Antropológico_concluído', 'Cadastro_família_concluído', 'Fundiário_andamento', 'Cartorial_concluído']",,,,,,,Contrato,-3.3646284882,-45.10857073,Certificada,28-09-20055,"['PA_INCRA', 'AREA_PARTICULAR']",,Com_Sentença,14-06-2018,Concluir Regularização,EcoDimensao
51,54230.006011/2005-31,11-08-2005,Centro dos Viola,Santa Rita,,,RTID,"['Antropológico_concluído', 'Cadastro_família_concluído', 'Fundiário_andamento', 'Cartorial_andamento']",,,,,,,Execução_Direta,,,Certificada,19-04-2007,['AREA_PARTICULAR'],,Sem_ACP,,,"Território unificado a Pedreiras.
Relatório Antropológico em execução direta, Cadastro de Famílias concluído. Faltam Levantamento Fundiário e Cadeia Dominial"
52,54230.007149/2005-58,15-09-2005,Cariongo,Santa Rita,559.4293,70.0,Decreto,['RTID_Concluído'],04-08 e 28-09-2015,,02-05-2019,,,,Execução_Direta,-3.2117652505,-44.3543469102,Certificada,09-10-2006,['AREA_PARTICULAR'],,Com_Sentença,24-10-2014,Concluir Regularização,Port 412
53,54230.007479/2005-43,17-10-2005,Catucá,Bacabal,,,Inicial,['Sem_RTID'],,,,,,,Sem_Relatório,,,Certificada,08-11-2005,['SEM_INFORMAÇÃO'],,Sem_ACP,,,
54,54230.007475/2005-65,17-10-2005,Santo Antônio dos Pretos,Grajaú,,15.0,Publicação,"['RTID_Concluído', 'Parecer_Jurídico', 'CDR']",,,,,,,Contrato,,,Certificada,16-09-2010,['PA_INCRA'],PA Angico. Não há ocupação de famílias assentadas na área de sobreposição. Sem conflitos .Já houve acordo e trabalhos do Incra que remanejou as familias de assentados para fora da área do TQ. Falta o INCRA promover reajuste no mapa do PA.,Com_Sentença,23-11-2017,Concluir RTID,Demacamp
55,54230.007480/2005-78,18-10-2005,Piratininga,Bacabal,,,RTID,['Antropológico_concluído'],,,,,,,Contrato,-4.207873813,-44.6260158853,Certificada,25-02-1998,['AREA_PARTICULAR'],Sobrepõe com Presídio,Com_Sentença,07-10-2020,Adotar medidas relacionadas a regularização,EcoDimensao
56,54230.008175/2005-01,01-12-2005,Campo Redondo,Bacabal,,,Inicial,['Sem_RTID'],,,,,,,Sem_Relatório,-3.8918068734,-44.6360790566,Certificada,10-02-2006,['SEM_INFORMAÇÃO'],,Sem_ACP,,,
57,54230.008174/2005-59,01-12-2005,Guaraciaba,Bacabal,,,Inicial,['Sem_RTID'],,,,,,,Sem_Relatório,,,Certificada,19-02-2006,['SEM_INFORMAÇÃO'],,Com_Sentença,12-04-2022,Concluir Regularização,
58,54230.000217/2006-39,18-01-2006,Peixes,Colinas,1319.2586,60.0,Portaria,['RTID_Concluído'],22 e 27-10-2021,,22-07-2024,,,,Contrato,-6.2601564645,-43.9800372802,Certificada,01-02-2006,['AREA_PARTICULAR'],,Sem_Sentença,17-03-2015,Adotar medidas relacionadas a regularizaçã,Portaria publicada. Demacamp
59,54230.000936/2006-50,02-03-2006,Aranha,Mirinzal,,,Inicial,['Sem_RTID'],,,,,,,Sem_Relatório,,,Não-certificada,,['SEM_INFORMAÇÃO'],,Sem_ACP,,,
60,54230.000935/2006-13,02-03-2006,Currupira,Mirinzal,,,Inicial,['Sem_RTID'],,,,,,,Sem_Relatório,,,Não-certificada,,['SEM_INFORMAÇÃO'],,Sem_ACP,,,
61,54230.000940/2006-18,02-03-2006,Graça de Deus,Mirinzal,,,Inicial,['Sem_RTID'],,,,,,,Sem_Relatório,,,Certificada,24-03-2012,['SEM_INFORMAÇÃO'],,Sem_ACP,,,
62,54230.000933/2006-16,02-03-2006,Juçaral,Central do Maranhão,,,Inicial,['Sem_RTID'],,,,,,,Sem_Relatório,,,Não-certificada,,['SEM_INFORMAÇÃO'],,Sem_ACP,,,
63,54230.000938/2006-49,02-03-2006,Maiabi,Mirinzal,,,Inicial,['Sem_RTID'],,,,,,,Sem_Relatório,,,Certificada,09-11-2011,['SEM_INFORMAÇÃO'],,Sem_ACP,,,
64,54230.000932/2006-71,02-03-2006,Oiteiro,Pinheiro,,,Inicial,['Sem_RTID'],,,,,,,Sem_Relatório,,,Certificada,10-04-2007,['SEM_INFORMAÇÃO'],,Com_Sentença, 20-12-2017,Concluir RTID,
65,54230.000934/2006-61,02-03-2006,Paraíso,Mirinzal,,,Inicial,['Sem_RTID'],,,,,,,Sem_Relatório,,,Não-certificada,,['SEM_INFORMAÇÃO'],,Sem_ACP,,,
66,54230.000944/2006-04,02-03-2006,Pedreiras,Santa Rita,,,RTID,"['Antropológico_concluído', 'Cadastro_família_concluído', 'Fundiário_andamento', 'Cartorial_andamento']",,,,,,,Execução_Direta,,,Certificada,24-01-2008,['AREA_PARTICULAR'],,Com_Sentença,21-12-2017,Concluir RTID,"Processo unificado ao de Centro dos Viola.
Falta equipe ir a campo concluir fundiário"
67,54230.000942/2006-15,02-03-2006,Rio do Curral,Mirinzal,,,Inicial,['Sem_RTID'],,,,,,,Sem_Relatório,,,Certificada,05-11-2003,['SEM_INFORMAÇÃO'],,Sem_ACP,,,
68,54230.000941/2006-62,02-03-2006,Santana dos Prazeres,Mirinzal,,,Inicial,['Sem_RTID'],,,,,,,Sem_Relatório,,,Não-certificada,,['SEM_INFORMAÇÃO'],,Sem_ACP,,,
69,54230.000939/2006-93,02-03-2006,Santiago,Mirinzal,,,Inicial,['Sem_RTID'],,,,,,,Sem_Relatório,,,Certificada,05-11-2013,['SEM_INFORMAÇÃO'],,Sem_ACP,,,
70,54230.000931/2006-27,02-03-2006,Vista Alegre,Itapecuru-Mirim,,,Inicial,['Sem_RTID'],,,,,,,Sem_Relatório,,,Certificada,10-04-2006,['SEM_INFORMAÇÃO'],,Com_Sentença,12-11-2020,Concluir RTID,
71,54230.001141/2006-69,13-03-2006,Cipoal dos Pretos,Codó,,,RTID,['Antropológico_concluído'],,,,,,,Contrato,,,Certificada,22-08-2006,['SEM_INFORMAÇÃO'],,Sem_Sentença,,Concluir RTID,3R
72,54230.001142/2006-11,14-03-2006,Mocorongo,Codó,,,Inicial,['Sem_RTID'],,,,,,,Sem_Relatório,-4.8363792381,-44.0862379043,Não-certificada,,['SEM_INFORMAÇÃO'],,Sem_ACP,,,
73,54230.004073/2006-90,20-03-2006,Jacarezinho,São João do Soter,4807.7977,68.0,RTID,['Antropológico_concluído'],,,,,,,Contrato,-4.8714501016,-43.8029826816,Certificada,02-09-2021,['AREA_PARTICULAR'],,Com_Sentença,,Concluir RTID,Bacuri e Primeiro Brejo incluídos na certidão FCP nova de 2021. 3R
74,54230.001522/2006-48,30-03-2006,Mimoco,Caxias,,,Inicial,['Sem_RTID'],,,,,,,Sem_Relatório,,,Não-certificada,,['SEM_INFORMAÇÃO'],,Sem_ACP,,,
75,54230.001526/2006-26,30-03-2006,São Francisco/Malaquias,Vargem Grande,1089.0918,28.0,Titulação,['RTID_Concluído'],"04, 25 e 26-06-2007",,22-12-2008,,"625,5662",ANDAMENTO,Execução_Direta,-3.5823291869,-44.0253485098,Certificada,26-12-2006,['PA_INCRA'],PA São Francisco Malaquias,Sem_ACP,,,"Port 416
Data_Título: 02-12-2014"
76,54230.002401/2006-13,17-05-2006,Alcântara,Alcântara,78105.3466,3350.0,Portaria,['RTID_Concluído'],04 e 05-11-2008,,,,,,Execução_Direta,-2.3346144606,-44.5323591038,Certificada,28-09-2004,['TERRAS_DA_UNIÃO'],Centro de Lançamento de Alcântara - CLA,Com_Sentença,,Concluir RTID,Aguardando autorização para publicação de Portaria.
77,54230.002395/2006-02,17-05-2006,Damásio,Guimarães,,,Inicial,['Sem_RTID'],,,,,,,Sem_Relatório,,,Certificada,19-04-2005,['SEM_INFORMAÇÃO'],,Sem_ACP,,,
78,54230.002394/2006-50,17-05-2006,Guarimandiua,Guimarães,,,Inicial,['Sem_RTID'],,,,,,,Sem_Relatório,,,Certificada,24-09-2010,['SEM_INFORMAÇÃO'],,Sem_ACP,,,
79,54230.002400/2006-79,17-05-2006,Monte Cristo,Penalva,,,Inicial,['Sem_RTID'],,,,,,,Sem_Relatório,-3.2581838332,-45.120248211,Não-certificada,,['PA_INCRA'],PA Monte Cristo,Com_Sentença,28-01-2021,Concluir RTID,
80,54230.002398/2006-38,17-05-2006,Mucambo,Viana,,,Inicial,['Sem_RTID'],,,,,,,Sem_Relatório,-3.0265313868,-45.1901791176,Certificada,13-06-2013,['SEM_INFORMAÇÃO'],,Sem_ACP,,,
81,54230.002399/2006-82,17-05-2006,Santo Antônio,Serrano do Maranhão,,,Inicial,['Sem_RTID'],,,,,,,Sem_Relatório,,,Certificada,23-08-2006,['SEM_INFORMAÇÃO'],,Sem_ACP,,,
82,54230.002551/2006-27,23-05-2006,Amapá dos Catarino,Nina Rodrigues,,,RTID,['Antropológico_concluído'],,,,,,,Contrato,,,Certificada,03-03-2011,['PA_INCRA'],PA São Josezinho,Sem_ACP,,,Terra
83,54230.003128/2006-44,17-07-2006,Mata Boi,Monção,,,Inicial,['Sem_RTID'],,,,,,,Sem_Relatório,,,Certificada,22-08-2006,['SEM_INFORMAÇÃO'],,Sem_ACP,,,
84,54230.003127/2006-08,17-07-2006,São José Fogoso,Santa Rita,,,Inicial,['Sem_RTID'],,,,,,,Sem_Relatório,,,Não-certificada,,['SEM_INFORMAÇÃO'],,Sem_ACP,,,
85,54230.004078/2006-12,09-08-2006,Ilha das Pedras,Santa Rita,,,Inicial,['Sem_RTID'],,,,,,,Sem_Relatório,,,Não-certificada,,['SEM_INFORMAÇÃO'],,Sem_ACP,,,
86,54230.004079/2006-67,09-08-2006,Sussego,Peritoró,,,Inicial,['Sem_RTID'],,,,,,,Sem_Relatório,,,Não-certificada,,['PA_INCRA'],PA Sussego,Sem_ACP,,,
87,54230.004080/2006-91,09-08-2006,Tibiri,Penalva,,,Inicial,['Sem_RTID'],,,,,,,Sem_Relatório,,,Não-certificada,,['SEM_INFORMAÇÃO'],,Sem_ACP,,,
88,54230.004081/2006-36,09-08-2006,Todos os Santos,Codó,,,Inicial,['Sem_RTID'],,,,,,,Sem_Relatório,,,Não-certificada,,['SEM_INFORMAÇÃO'],,Sem_ACP,,,Memorial Descritivo feito pela comunidade
89,54230.004071/2006-09,10-08-2006,Barriguda/Anajá,Pirapemas,,,Inicial,['Sem_RTID'],,,,,,,Sem_Relatório,,,Não-certificada,,['SEM_INFORMAÇÃO'],,Sem_ACP,,,
90,54230.004084/2006-70,10-08-2006,Marmorana/Boa Hora III,Alto Alegre do Maranhão,700,,Notificação,['RTID_Concluído'],15 e 16-07-2024,,,,,,Contrato,-4.23851,-44.3372,Certificada,08-12-2006,['AREA_PARTICULAR'],,Com_Sentença,,Concluir regularização,Corte Interamericana de Direitos Humanos. EcoDimensao
91,54230.004072/2006-45,10-08-2006,Santarém/Santana,São Luís Gonzaga do MA,,,RTID,['Antropológico_concluído'],,,,,,,Contrato,,,Certificada,26-11-2007,['AREA_PARTICULAR'],,Sem_ACP,,,Grave conflito fundiário. EcoDimensao
92,54230.004083/2006-25,10-08-2006,São José,Alto Alegre do Maranhão,,,Inicial,['Sem_RTID'],,,,,,,Sem_Relatório,,,Certificada,08-12-2016,['SEM_INFORMAÇÃO'],,Sem_ACP,,,
93,54230.004082/2006-81,10-08-2006,Sumauma,Itapecuru-Mirim,,,Inicial,['Sem_RTID'],,,,,,,Sem_Relatório,,,Certificada,22-07-2015,['SEM_INFORMAÇÃO'],,Sem_ACP,,,
94,54230.005339/2006-11,27-09-2006,Lagoa do Caminho,Parnarama,,,Inicial,['Sem_RTID'],,,,,,,Sem_Relatório,,,Não-certificada,,['SEM_INFORMAÇÃO'],,Sem_ACP,,,
95,54230.005337/2006-22,27-09-2006,Rafael,Turiaçu,,,Inicial,['Sem_RTID'],,,,,,,Sem_Relatório,,,Não-certificada,,['SEM_INFORMAÇÃO'],,Sem_ACP,,,
96,54230.005340/2006-46,27-09-2006,Turiaçu,Turiaçu,,,Inicial,['Sem_RTID'],,,,,,,Sem_Relatório,,,Não-certificada,,['SEM_INFORMAÇÃO'],,Sem_ACP,,,
97,54230.003791/2016-11,02-10-2006,Estiva dos Cotós,Cachoeira Grande,4128.6645,133.0,Portaria,['RTID_Concluído'],17 e 18-08-2017,,,,,,Contrato,-3.242609754,-43.9974163316,Certificada,10-07-2006,['PA_INCRA'],"PA Ilha do Campo
Parte do PA em sobreposição",Sentença_Cumprida,08-08-2017,Concluir RTID; RTID Publicado,Solicitação de Publicação de Portaria encaminhada. Terra
98,54230.006071/2006-35,03-11-2006,Belo Monte,Vargem Grande,,,Inicial,['Sem_RTID'],,,,,,,Sem_Relatório,,,Certificada,01-06-2005,['SEM_INFORMAÇÃO'],,Sem_ACP,,,
99,54230.006073/2006-24,03-11-2006,Bom Jesus/Santa Maria dos Moreiras,Codó,,,RTID,['Antropológico_concluído'],,,,,,,Contrato,,,Certificada,25-05-2007,['SEM_INFORMAÇÃO'],,Com_Sentença,,Concluir Regularização,Bom Jesus / Santa Maria dos Moreiras / São Benedito dos Trindades / Tamboril. 3R
100,54230.000674/2006-79,03-11-2006,Lacral/Espírito Santo,Pinheiro,,,RTID,['Antropológico_concluído'],,,,,,,Contrato,,,Certificada,22-08-2011,['SEM_INFORMAÇÃO'],,Sem_ACP,,,Engecem
101,54230.006072/2006-80,03-11-2006,São Benedito do Elcias,Peritoró,,45.0,Inicial,['Sem_RTID'],,,,,,,Sem_Relatório,,,Certificada,10-05-2007,['PA_INCRA'],PA São Benedito do Rio Preto,Sem_ACP,,,Pedido de arquivamento do processo de regularização
102,54230.000424/2007-74,12-02-2007,Boa Vista,Rosário,,,Inicial,['Sem_RTID'],,,,,,,Sem_Relatório,,,Certificada,20-03-2007,['SEM_INFORMAÇÃO'],,Com_Sentença,,,"Pedido de arquivamento pela equipe do RTID
Consta Nota Técnica da equipe fundamentando a recomendação
Consta parecer técnico concluindo pelo não prosseguimento do processo por impossibilidade de fundamentação técnica de proposta territorial – Processo 54230.001414/2005-94 arquivado."
103,54230.000437/2007-43,12-02-2007,Jussatuba,São José de Ribamar,,200.0,RTID,['Antropológico_concluído'],,,,,,,Contrato,,,Certificada,19-04-2007,"['AREA_PARTICULAR', 'TERRAS_DE_MARINHA']","Um dos limites do território são as praias, onde se encontram várias casas de tipo veraneio, restaurantes e bares, em algumas praias",Sem_ACP,,,Demacamp
104,54230.000413/2007-94,12-02-2007,Mata III,Itapecuru-Mirim,,,Inicial,['Sem_RTID'],,,,,,,Sem_Relatório,,,Certificada,31-01-2007,['SEM_INFORMAÇÃO'],,Sem_ACP,,,
105,54230.000431/2007-76,12-07-2007,Santana/São Patrício,Santa Rita,1279.732,130.0,Portaria,['RTID_Concluído'],14 e 17-07-2017,,,,,,Contrato,,,Certificada,23-02-2007,['AREA_PARTICULAR'],,Com_Sentença,10-05-2017,Concluir RTID,EcoDimensao
106,54230.000417/2007-72,12-02-2007,Tijuca,Peri Mirim,,,Inicial,['Sem_RTID'],,,,,,,Sem_Relatório,,,Certificada,25-05-2007,['SEM_INFORMAÇÃO'],,Sem_ACP,,,
107,54230.000415/2007-83,13-02-2007,Benfica,Itapecuru-Mirim,3545.329,110.0,Recurso,['RTID_Concluído'],24 e 25-07-2018,,,,,,Contrato,-3.3395281297,-44.1898779095,Certificada,31-01-2007,['AREA_PARTICULAR'],,Com_Sentença,28-08-2017,Concluir RTID,Terra
108,54230.000442/2007-56,13-02-2007,Mandacarú dos Pretos,Matões,,,RTID,['Antropológico_concluído'],,,,,,,Contrato,-5.2454801861,-43.3794659122,Certificada,18-01-2002,['AREA_PARTICULAR'],,Sem_ACP,,,Demacamp
109,54230.000428/2007-52,13-02-2007,Mata Virgem,Codó,,,RTID,['Antropológico_concluído'],,,,,,,Contrato,,,Certificada,09-01-2012,['AREA_PARTICULAR'],,Com_Sentença,,Concluir RTID,Conflito na área com fazendeiros. 3R
110,54230.000423/2007-20,13-02-2007,Outeiro dos Nogueiras,Itapecuru-Mirim,,,RTID,"['Antropológico_concluído', 'Fundiário_andamento']",,,,,,,Contrato,,,Certificada,14-01-2009,['SEM_INFORMAÇÃO'],,Com_Sentença,15-04-2016,Adotar medidas relacionadas a regularização,EcoDimensao
111,54230.000412/2007-40,13-02-2007,Santa Helena,Itapecuru-Mirim,,,Inicial,['Sem_RTID'],,,,,,,Sem_Relatório,-3.4325009976,-44.1055890074,Certificada,22-08-2011,['SEM_INFORMAÇÃO'],,Sem_ACP,,,Tem Título do ITERMA
112,54230.000426/2007-63,13-02-2007,Santo Antônio dos Pretos,Primeira Cruz,,,Inicial,['Sem_RTID'],,,,,,,Sem_Relatório,,,Certificada,10-05-2007,['SEM_INFORMAÇÃO'],,Sem_ACP,,,
113,54230.000411/2007-03,13-02-2007,São Francisco,Coroatá,,,Inicial,['Sem_RTID'],,,,,,,Sem_Relatório,,,Não-certificada,,['SEM_INFORMAÇÃO'],,Sem_ACP,,,
114,54230.000432/2007-11,13-02-2007,São Raimundo Nonato,Bacabeira,,,Inicial,['Sem_RTID'],,,,,,,Sem_Relatório,,,Não-certificada,,['PA_INCRA'],PA Santa Rita do Vale,Sem_ACP,,,
115,54230.000432/2007-12,01-03-2007,Jaguarana,Colinas,,,Inicial,['Sem_RTID'],,,,,,,Sem_Relatório,-6.22948,-44.09439,Certificada,16-06-2006,['PA_INCRA'],PA Jaguarana / Floresta,Com_Decisão_Liminar,,Concluir RTID,Denúncia de venda de lotes e ocupação irregular na área
116,54230.000604/2007-56,02-03-2007,Bem Fica/Olho d’Água dos Pimentas,Pinheiro,,,Inicial,['Sem_RTID'],,,,,,,Sem_Relatório,,,Certificada,,['SEM_INFORMAÇÃO'],,Sem_ACP,,,
117,54230.000647/2007-31,05-03-2007,Pericumã/Ponta do Lago,Pinheiro,,,Inicial,['Sem_RTID'],,,,,,,Sem_Relatório,,,Não-certificada,,['SEM_INFORMAÇÃO'],,Sem_ACP,,,Não localizado.
118,54230.000643/2007-53,05-03-2007,Pirinã,Pinheiro,,,Inicial,['Sem_RTID'],,,,,,,Sem_Relatório,,,Certificada,12-06-2017,['SEM_INFORMAÇÃO'],,Sem_ACP,,,
119,54230.000642/2007-17,05-03-2007,Queimada de João,Pinheiro,,,Inicial,['Sem_RTID'],,,,,,,Sem_Relatório,,,Certificada,29-03-2007,['SEM_INFORMAÇÃO'],,Sem_ACP,,,
120,54230.000952/2017-03,05-03-2007,Santa Rosa,Pinheiro,,,Inicial,['Sem_RTID'],,,,,,,Sem_Relatório,,,Certificada,15-12-2016,['SEM_INFORMAÇÃO'],,Sem_ACP,,,Arquivado
121,54230.000646/2007-97,05-03-2007,Sudário,Pinheiro,,,Inicial,['Sem_RTID'],,,,,,,Sem_Relatório,,,Certificada,17-01-2012,['SEM_INFORMAÇÃO'],,Sem_ACP,,,Não digiltalizado
122,54230.000669/2007-00,06-03-2007,Belo Monte,Pinheiro,,,Inicial,['Sem_RTID'],,,,,,,Sem_Relatório,,,Certificada,,['SEM_INFORMAÇÃO'],,Sem_ACP,,,
123,54230.000640/2007-10,08-03-2007,Pacoã,Pinheiro,,,Inicial,['Sem_RTID'],,,,,,,Sem_Relatório,,,Certificada,,['SEM_INFORMAÇÃO'],,Com_Sentença,23-11-2020,Concluir Regularização,
124,54230.000635/2007-16,08-03-2007,Rio dos Peixes,Pinheiro,,,Inicial,['Sem_RTID'],,,,,,,Sem_Relatório,-2.299168748,-45.1096993225,Certificada,18-04-2007,['SEM_INFORMAÇÃO'],,Sem_ACP,,,
125,54230.000813/2007-08,08-03-2007,Santa Maria,Cajari,,,RTID,['Antropológico_concluído'],,,,,,,Contrato,,,Certificada,23-03-2007,['SEM_INFORMAÇÃO'],,Sem_ACP,,,EcoDimensao
126,54230.001441/2007-29,11-04-2007,Buragir,Itapecuru-Mirim,,,RTID,['Antropológico_concluído'],,,,,,,Contrato,-3.3978952938,-44.1581403353,Certificada,16-10-2008,['SEM_INFORMAÇÃO'],,Sem_Sentença,,Adotar medidas relacionadas a regularização,Terra
127,54230.001440/2007-84,11-04-2007,Javi,Itapecuru-Mirim,,,Inicial,['Sem_RTID'],,,,,,,Sem_Relatório,,,Certificada,29-05-2007,['SEM_INFORMAÇÃO'],,Sem_ACP,,,
128,54230.001442/2007-73,11-04-2007,Outeiro,Matões,,,Inicial,['Sem_RTID'],,,,,,,Sem_Relatório,,,Certificada,17-04-2007,['SEM_INFORMAÇÃO'],,Sem_ACP,,,
129,54230.001867/2007-82,15-05-2007,Ariquipá,Bequimão,,,Inicial,['Sem_RTID'],,,,,,,Sem_Relatório,,,Certificada,30-06-2006,['SEM_INFORMAÇÃO'],,Sem_ACP,,,
130,54230.001872/2007-95,15-05-2007,Vila Nova Ilha do Cajual,Alcântara,,,Inicial,['Sem_RTID'],,,,,,,Sem_Relatório,,,Certificada,17-01-2006,['SEM_INFORMAÇÃO'],,Com_Sentença,,Adotar medidas relacionadas a regularização,
131,54230.001903/2007-16,17-05-2007,Santa Maria,Icatu,,,Inicial,['Sem_RTID'],,,,,,,Sem_Relatório,,,Certificada,18-02-2008,['SEM_INFORMAÇÃO'],,Sem_ACP,,,
132,54230.001991/2007-48,21-05-2007,Flechal,Cajari,,,Inicial,['Sem_RTID'],,,,,,,Sem_Relatório,,,Não-certificada,,['SEM_INFORMAÇÃO'],,Sem_ACP,,,
133,54230.002021/2007-60,22-05-2007,Santa Bárbara dos Mafras,Turiaçu,,,Inicial,['Sem_RTID'],,,,,,,Sem_Relatório,,,Não-certificada,,['SEM_INFORMAÇÃO'],,Sem_ACP,,,
134,54230.002813/2007-34,14-08-2007,Brasilina,Itapecuru-Mirim,,,RTID,['Antropológico_concluído'],,,,,,,Contrato,,,Certificada,19-06-2008,['PA_INCRA'],PA Entroncamento,Com_Decisão_Liminar,,Concluir Regularização,EcoDimensao
135,54230.002869/2007-99,20-08-2007,Boa Vista,Pinheiro,,,Inicial,['Sem_RTID'],,,,,,,Sem_Relatório,,,Certificada,01-02-2008,['SEM_INFORMAÇÃO'],,Sem_ACP,,,
136,54230.002868/2007-44,20-08-2007,Estrela,Pinheiro,,,Inicial,['Sem_RTID'],,,,,,,Sem_Relatório,,,Não-certificada,,['SEM_INFORMAÇÃO'],,Sem_ACP,,,
137,54230.002866/2007-55,20-08-2007,Santa Luzia,Santa Rita,1496.1986,69.0,Recurso,['RTID_Concluído'],22 e 23-12-2020,,,,,,Contrato,-3.2601897418,-44.2626666806,Certificada,11-05-2004,['AREA_PARTICULAR'],,Sem_ACP,,,Comunidade fez acordo para excluir imóvel da proposta de área do Território Quilombola. Imóvel de Georgina Mouzinho. EcoDimensao
138,54230.002867/2007-08,20-08-2007,Santa Maria dos Pinheiros,Itapecuru-Mirim,,,Inicial,['Sem_RTID'],,,,,,,Execução_Direta,-3.3950654404,-44.4581602013,Não-certificada,,['SEM_INFORMAÇÃO'],,Sem_ACP,,,Processo repetido. Excluir registro
139,54230.002888/2007-15,22-08-2007,São Miguel,Rosário,,,Inicial,['Sem_RTID'],,,,,,,Sem_Relatório,,,Certificada,24-01-2008,['PA_INCRA'],PA Bom Jesus,Com_Sentença,,Concluir Regularização,Há divergência na comunidade quanto a titulação quilombola. Ação de manutenção de posse pela comunidade contra Joaquim Ribeiro e outros. - Processo 54230.003903/2005-81 inativo
140,54230.003328/2007-88,13-09-2007,Juçaral,Rosário,,,Inicial,['Sem_RTID'],,,,,,,Sem_Relatório,,,Não-certificada,,['SEM_INFORMAÇÃO'],,Sem_ACP,,,Pedido de cancelamento do processo pela comunidade.
141,54230.003524/2007-52,24-09-2007,Flores,Cajari,,,Inicial,['Sem_RTID'],,,,,,,Sem_Relatório,,,Não-certificada,,['SEM_INFORMAÇÃO'],,Sem_ACP,,,Foi solicitado arquivamento do processo de desapropriação
142,54230.003522/2007-63,24-09-2007,Zé Maria,Cajari,,,Inicial,['Sem_RTID'],,,,,,,Sem_Relatório,,,Não-certificada,,['SEM_INFORMAÇÃO'],,Sem_ACP,,,
143,54230.003521/2007-19,25-09-2007,São João dos Campos,Pedro do Rosário,,,Inicial,['Sem_RTID'],,,,,,,Sem_Relatório,,,Certificada,29-09-2008,['SEM_INFORMAÇÃO'],,Sem_ACP,,,
144,54230.003616/2007-32,02-10-2007,Castelo,Monção,,,RTID,['Antropológico_andamento'],,,,,,,Execução_Direta,,,Certificada,15-08-2006,['PA_INCRA'],PA Santa Cruz,Com_Sentença,22-03-2019,Concluir RTID,Relatório Antropológico aguardando aprovação da proposta de área.
145,54230.003618/2007-21,02-10-2007,Centro Grande de Maria,Rosário,,,Inicial,['Sem_RTID'],,,,,,,Sem_Relatório,,,Não-certificada,,['SEM_INFORMAÇÃO'],,Sem_ACP,,,
146,54230.003615/2007-98,02-10-2007,Data Arraial,Brejo,,,Inicial,['Sem_RTID'],,,,,,,Sem_Relatório,,,Não-certificada,,['SEM_INFORMAÇÃO'],,Sem_ACP,,,
147,54230.003618/2007-21,02-10-2007,Maria Madalena,Rosário,,,Inicial,['Sem_RTID'],,,,,,,Sem_Relatório,,,Não-certificada,,['SEM_INFORMAÇÃO'],,Sem_ACP,,,
148,54230.003804/2007-61,09-10-2007,Igaruçu,Rosário,,,Inicial,['Sem_RTID'],,,,,,,Sem_Relatório,,,Certificada,22-07-2013,['SEM_INFORMAÇÃO'],,Sem_ACP,,,
149,54230.003804/2007-61,09-10-2007,São Bartolomeu,Rosário,,,Inicial,['Sem_RTID'],,,,,,,Sem_Relatório,,,Certificada,,['SEM_INFORMAÇÃO'],,Sem_ACP,,,
150,54230.004674/2007-83,07-11-2007,Papagaio,Icatu,,,Inicial,['Sem_RTID'],,,,,,,Sem_Relatório,,,Certificada,18-02-2008,['SEM_INFORMAÇÃO'],,Sem_ACP,,,
151,54230.005031/2007-57,29-11-2007,Alto Bonito,Brejo,3806.3554,32.0,Portaria,['RTID_Concluído'],18 e 21-12-2015,,,,,,Contrato,-3.7620149996,-42.7494313565,Certificada,18-02-2008,['SEM_SOBREPOSIÇÃO'],,Com_Decisão_Liminar,13-06-2013,Concluir Regularização,Retificação do Edital de Publicação 14-07-2017. Fazendo Conjunto Portaria. Demacamp
152,54230.005184/2007-02,06-12-2007,Sapucaial,Presidente Vargas,,,RTID,['Antropológico_concluído'],,,,,,,Contrato,,,Certificada,03-09-2008,['PA_INCRA'],PA Primeiros Campos,Sem_ACP,,,3R
153,54230.000550/2008-18,11-03-2008,Bitiua,Bacuri,,,Inicial,['Sem_RTID'],,,,,,,Sem_Relatório,,,Certificada,03-04-2008,['PA_INCRA'],PA Bitiua,Sem_ACP,,,
154,54230.000631/2008-18,25-03-2008,Cruzeiro,Palmeirândia,300.5916,64.0,RTID,['RTID_Concluído'],18 e 21-12-2015,,,,,,Contrato,-2.6747068695,-44.9275693953,Certificada,30-05-2008,['AREA_PARTICULAR'],Fazendas,Sentença_Cumprida,11-06-2013,Concluir RTID- Concluído,RTID Publicado. Porém retornado pelo CDR para ajustes na proposta do território. EcoDimensao
155,54230.001447/2008-87,21-05-2008,Enseada Grande,Matinha,,,Inicial,['Sem_RTID'],,,,,,,Sem_Relatório,,,Certificada,30-11-2015,['SEM_INFORMAÇÃO'],,Sem_ACP,,,
156,54230.001438/2008-96,21-05-2008,Preguiça Velha,Matinha,,,Inicial,['Sem_RTID'],,,,,,,Sem_Relatório,,,Certificada,05-02-2014,['SEM_INFORMAÇÃO'],,Sem_ACP,,,
157,54230.001448/2008-21,21-05-2008,São Pedro,São Luís Gonzaga do MA,,,RTID,['Antropológico_concluído'],,,,,,,Contrato,,,Certificada,01-04-2008,['AREA_PARTICULAR'],,Com_Sentença,18-06-2020,Concluir Regularização,Demacamp
158,54230.001488/2008-73,27-02-2008,Recanto dos  Poetas,Paço do Lumiar,,,Inicial,['Sem_RTID'],,,,,,,Sem_Relatório,,,Não-certificada,,['SEM_INFORMAÇÃO'],,Sem_ACP,,,Ação de reintegração de posse
159,54230.002028/2008-62,10-06-2008,Caranguejo,Matinha,,,Inicial,['Sem_RTID'],,,,,,,Sem_Relatório,,,Não-certificada,,['PA_ITERMA'],PA Carangueijo,Sem_ACP,,,
160,54230.002026/2008-73,10-06-2008,Palestina,Matinha,,,Inicial,['Sem_RTID'],,,,,,,Sem_Relatório,,,Certificada,16-04-2013,['SEM_INFORMAÇÃO'],,Sem_ACP,,,
161,54230.001578/2012-41,11-07-2008,Bom Jesus,Matinha,,,Inicial,['Sem_RTID'],,,,,,,Sem_Relatório,,,Certificada,02-02-2012,['SEM_INFORMAÇÃO'],,Sem_ACP,,,
162,54230.002032/2008-21,11-07-2008,Curral de Vara,Matinha,,,Inicial,['Sem_RTID'],,,,,,,Sem_Relatório,,,Certificada,15-04-2013,['SEM_INFORMAÇÃO'],,Sem_ACP,,,
163,54230.002022/2008-95,11-07-2008,Itapera,Matinha,,,Inicial,['Sem_RTID'],,,,,,,Sem_Relatório,,,Certificada,09-04-2013,['SEM_INFORMAÇÃO'],,Sem_ACP,,,
164,54230.002024/2008-84,11-07-2008,João Luís,Matinha,,,Inicial,['Sem_RTID'],,,,,,,Sem_Relatório,,,Não-certificada,,['SEM_INFORMAÇÃO'],,Sem_ACP,,,
165,54230.002025/2008-29,11-07-2008,Os Paulos,Matinha,,,Inicial,['Sem_RTID'],,,,,,,Sem_Relatório,,,Certificada,16-04-2013,['SEM_INFORMAÇÃO'],,Sem_ACP,,,
166,54230.002029/2008-15,11-07-2008,Preguiça Nova,Matinha,,,Inicial,['Sem_RTID'],,,,,,,Sem_Relatório,,,Certificada,,['SEM_INFORMAÇÃO'],,Sem_ACP,,,
167,54230.002020/2008-04,11-07-2008,Santa Izabel,Matinha,,,Inicial,['Sem_RTID'],,,,,,,Sem_Relatório,-3.0845517616,-45.0370692358,Certificada,16-04-2013,['SEM_INFORMAÇÃO'],,Sem_ACP,,,
168,54230.002031/2008-86,11-07-2008,Santa Rita,Matinha,,,Inicial,['Sem_RTID'],,,,,,,Sem_Relatório,,,Não-certificada,,['SEM_INFORMAÇÃO'],,Sem_ACP,,,
169,54230.002023/2008-30,11-07-2008,Tanque de Valença,Matinha,2571.829,70.0,Recurso,['RTID_Concluído'],26 e 27-05-2022,,,,,,Contrato,-3.004038898811406,-45.08743455129541,Certificada,02-03-2011,['PA_INCRA'],,Com_Decisão_Liminar,23-08-2021,Concluir RTID,Análise de Recurso. Processo recebido na DFQ-1 para análise do recurso. No momento não há técnicos disponíveis no setor para encaminhamentos. Processo foi incluído no acompanhamento especial da unidade e será reaberto quando for iniciada a análise. EcoDimensao
170,54230.002021/2008-41,12-07-2008,Alto da Pedra,Matinha,,,Inicial,['Sem_RTID'],,,,,,,Sem_Relatório,,,Certificada,,['SEM_INFORMAÇÃO'],,Sem_ACP,,,
171,54230.004154/2008-51,22-12-2008,Jacareí dos Pretos,Icatu,"1521,0051",55.0,Portaria,['RTID_Concluído'],30 e 31-08-2017,,,,,,Execução_Direta,-2.7908996156,-44.009179992,Certificada,10-02-2010,['AREA_PARTICULAR'],,Com_Sentença,,,
172,54230.001192/2009-33,20-03-2009,Francisco Gonçalves Lisboa/Potó Velho,São Luís Gonzaga do MA,,,Inicial,['Sem_RTID'],,,,,,,Sem_Relatório,,,Certificada,26-11-2007,['SEM_INFORMAÇÃO'],,Sem_ACP,,,
173,54230.001193/2009-88,20-03-2009,Pedrinhas,São Luís Gonzaga do MA,,,Inicial,['Sem_RTID'],,,,,,,Sem_Relatório,,,Certificada,03-10-2008,['SEM_INFORMAÇÃO'],,Sem_ACP,,,
174,54230.001191/2009-99,20-03-2009,Potozinho,São Luís Gonzaga do MA,,,Inicial,['Sem_RTID'],,,,,,,Sem_Relatório,,,Certificada,03-04-2008,['SEM_INFORMAÇÃO'],,Sem_ACP,,,
175,54230.001189/2009-10,20-03-2009,São Domingos,São Luís Gonzaga do MA,,,Inicial,['Sem_RTID'],,,,,,,Sem_Relatório,,,Certificada,03-04-2008,['SEM_INFORMAÇÃO'],,Sem_ACP,,,
176,54230.001796/2009-80,22-04-2009,Conduru/Conceição/Bana Fogo/S.Benedito/Estopa,Santa Rita,,,Inicial,['Sem_RTID'],,,,,,,Sem_Relatório,,,Não-certificada,,['SEM_INFORMAÇÃO'],,Sem_ACP,,,
177,54230.002429/2009-01,01-06-2009,São Francisco,Matinha,,,Inicial,['Sem_RTID'],,,,,,,Sem_Relatório,,,Certificada,26-02-2010,['SEM_INFORMAÇÃO'],,Sem_ACP,,,
178,54230.004000/2009-41,09-09-2009,Joaquim Maria,Miranda do Norte,,,Inicial,['Sem_RTID'],,,,,,,Sem_Relatório,,,Certificada,29-06-2017,['SEM_INFORMAÇÃO'],,Sem_Sentença,24-02-2021,Adotar medidas relacionadas a regularização,
179,54230.004050/2009-28,15-09-2009,Charco,São Vicente Ferrer,"1345,2751",137.0,Titulação,['RTID_Concluído'],26 e 27-10-2012,,20-03-2014,,,,Execução_Direta,-2.9162363237,-44.9589243352,Certificada,09-10-2009,['AREA_PARTICULAR'],,Sentença_Cumprida,06-09-2017,Concluir RTID; RTID concluído,"Por 124
Aguardando pagamento de indenizações"
180,54230.004049/2009-01,15-09-2009,Lagoa Grande,Presidente Vargas,,,RTID,['Antropológico_concluído'],,,,,,,Contrato,,,Certificada,03-09-2008,['PA_INCRA'],"PA Salgador e
Acampamento Irmã Doroty",Sem_ACP,,,3R
181,54230.004255/2009-11,25-09-2009,Acre,Cururupu,,,Inicial,['Sem_RTID'],,,,,,,Sem_Relatório,,,Certificada,02-10-2014,['SEM_INFORMAÇÃO'],,Sem_ACP,,,
182,54230.004248/2009-10,25-09-2009,Boa Esperança dos Campos,Serrano do Maranhão,,,Inicial,['Sem_RTID'],,,,,,,Sem_Relatório,,,Certificada,05-10-2010,['SEM_INFORMAÇÃO'],,Sem_ACP,,,
183,54230.004253/2009-14,25-09-2009,Boa Vista dos Freitas,São Luís Gonzaga do MA,,,Inicial,['Sem_RTID'],,,,,,,Sem_Relatório,,,Certificada,01-04-2008,['SEM_INFORMAÇÃO'],,Sem_ACP,,,
184,54230.004172/2009-14,25-09-2009,Brasília,Serrano do Maranhão,,,RTID,['Antropológico_concluído'],,,,,,,Contrato,,,Certificada,09-03-2011,['AREA_PARTICULAR'],,Sem_ACP,,,Terra
185,54230.004251/2009-25,25-09-2009,Cedro,Serrano do Maranhão,,,Inicial,['Sem_RTID'],,,,,,,Sem_Relatório,,,Certificada,29-03-2011,['SEM_INFORMAÇÃO'],,Sem_ACP,,,
186,54230.004256/2009-58,25-09-2009,Centro dos Cruz/Bela Vista/Mutambal/Centro do Jaime e Bate Mão,São Luís Gonzaga do MA,,,Inicial,['Sem_RTID'],,,,,,,Sem_Relatório,,,Certificada,09-03-2009,['SEM_INFORMAÇÃO'],,Sem_ACP,,,
187,54230.004254/2009-69,25-09-2009,Fazenda Velha/Monte Cristo,São Luís Gonzaga do MA,,,Inicial,['Sem_RTID'],,,,,,,Sem_Relatório,,,Certificada,03-10-2008,['SEM_INFORMAÇÃO'],,Com_Sentença,03-09-2020,Concluir Regularização,
188,54230.004247-2009-67,25-09-2009,Frechal dos Campos,Serrano do Maranhão,,,Inicial,['Sem_RTID'],,,,,,,Sem_Relatório,,,Certificada,07-03-2003,['SEM_INFORMAÇÃO'],,Sem_ACP,,,
189,54230.004257/2009-01,25-09-2009,Mata Burro/Santo Antônio dos Vieiras,São Luís Gonzaga do MA,,,Inicial,['Sem_RTID'],,,,,,,Sem_Relatório,,,Certificada,03-10-2008,['SEM_INFORMAÇÃO'],,Sem_ACP,,,
190,54230.004252/2009-70,25-09-2009,Morada Nova do Deusdeth,São Luís Gonzaga do MA,,,Inicial,['Sem_RTID'],,,,,,,Sem_Relatório,,,Certificada,03-10-2008,['SEM_INFORMAÇÃO'],,Sem_ACP,,,
191,54230.004250/2009-81,25-09-2009,Ponta na Região dos Campos,Serrano do Maranhão,,,Inicial,['Sem_RTID'],,,,,,,Sem_Relatório,,,Certificada,29-03-2011,['SEM_INFORMAÇÃO'],,Sem_ACP,,,
192,54230.004246/2009-12,25-09-2009,Santa Filomena,Serrano do Maranhão,,,Inicial,['Sem_RTID'],,,,,,,Sem_Relatório,,,Certificada,29-03-2011,['SEM_INFORMAÇÃO'],,Sem_ACP,,,
193,54230.004245/2009-78,25-09-2009,Santa Rosa,São Luís Gonzaga do MA,,,Inicial,['Sem_RTID'],,,,,,,Sem_Relatório,,,Certificada,12-11-2008,['SEM_INFORMAÇÃO'],,Sem_ACP,,,
194,54230.004249/2009-56,25-09-2009,Santarém,São Luís Gonzaga do MA,,,RTID,['Antropológico_concluído'],,,,,,,Contrato,-4.404472,-44.46961,Certificada,01-04-2008,['AREA_PARTICULAR'],,Com_Sentença,17-01-2022,Concluir Regularização,EcoDimensao
195,54230.004773/2009-27,02-10-2009,Boa Hora do Puluca,Presidente Vargas,,,Inicial,['Sem_RTID'],,,,,,,Sem_Relatório,,,Certificada,03-08-2008,['SEM_INFORMAÇÃO'],,Sem_ACP,,,
196,54230.005393/2009-18,19-10-2009,Barro Vermelho,Chapadinha,"472,1595",26.0,Portaria,['RTID_Concluído'],08 e 11-09-2017,,20-11-2023,,,,Contrato,-3.618370554,-43.6246026791,Certificada,11-06-2010,['AREA_PARTICULAR'],,Com_Sentença,,,Falta Publicação Portaria no DOE. Demacamp
197,54230.005394/2009-54,19-10-2009,Boa Hora,Presidente Vargas,,,Inicial,['Sem_RTID'],,,,,,,Sem_Relatório,,,Certificada,03-09-2008,['SEM_INFORMAÇÃO'],,Sem_ACP,,,
198,54230.005391/2009-11,19-10-2009,Engenho do Lago,Porto Rico do Maranhão,,,Inicial,['Sem_RTID'],,,,,,,Sem_Relatório,,,Certificada,14-06-2010,['SEM_INFORMAÇÃO'],,Sem_ACP,,,
199,54230.005829/2009-61,05-11-2009,Estiva dos Mafras,Mirinzal,"1533,5943",88.0,Portaria,['RTID_Concluído'],05 e 08-10-2018,,,,,,Contrato,,,Certificada,14-04-2009,['AREA_PARTICULAR'],,Sem_ACP,,,Terra
200,54230.006878/2009-11,27-11-2009,Monte Cristo,Central do Maranhão,,,Inicial,['Sem_RTID'],,,,,,,Sem_Relatório,,,Certificada,15-05-2010,['SEM_INFORMAÇÃO'],,Sem_ACP,,,
201,54230.006877/2009-76,27-11-2009,Penteado,Vargem Grande,1555,69.0,Contestação,['RTID_Concluído'],26-01-2024 e 05-02-2024,,,,,,Execução_Direta,-3.528167997772203,-43.99599002063014,Certificada,16-01-2012,['SEM_INFORMAÇÃO'],,Com_Sentença,21-08-2015,"Concluir RTID em 180
Concluir Regularização","Imóvel desapropriado já imitido na Posse do INCRA.
Previsão de Publicação 2024"
202,54230.006880/2009-90,27-11-2009,Rio do Pau,Alcântara,,,Inicial,['Sem_RTID'],,,,,,,Sem_Relatório,,,Não-certificada,,['SEM_INFORMAÇÃO'],,Sem_ACP,,,
203,54230.006875/2009-87,27-11-2009,Rio Grande,Bequimão,,,Inicial,['Sem_RTID'],,,,,,,Sem_Relatório,,,Certificada,06-01-2010,['SEM_INFORMAÇÃO'],,Sem_ACP,,,
204,54230.006876/2009-21,27-11-2009,São José do Lugar,Central do Maranhão,,,Inicial,['Sem_RTID'],,,,,,,Sem_Relatório,,,Certificada,08-11-2011,['SEM_INFORMAÇÃO'],,Sem_ACP,,,
205,54230.007505/2009-67,03-12-2009,São Roque,Vargem Grande,,,Inicial,['Sem_RTID'],,,,,,,Sem_Relatório,,,Certificada,,['PA_INCRA'],"PA Boi Manso
Área dos quilombolas São Roque e Morro Redondo dentro do PA Boi Manso",Sem_ACP,,,
206,54230.007552/2009-19,14-12-2009,Deserto,Vargem Grande,,,Inicial,['Sem_RTID'],,,,,,,Sem_Relatório,,,Não-certificada,,['SEM_INFORMAÇÃO'],,Sem_ACP,,,
207,54230.007554/2009-08,14-12-2009,Fleixeira,Anajatuba,,,Inicial,['Sem_RTID'],,,,,,,Sem_Relatório,,,Não-certificada,,['SEM_INFORMAÇÃO'],,Sem_ACP,,,
208,54230.007548/2009-42,14-12-2009,Ramal do Quindiua,Bequimão,,,Inicial,['Sem_RTID'],,,,,,,Sem_Relatório,,,Certificada,27-07-2009,['SEM_INFORMAÇÃO'],,Com_Decisão_Liminar,,Adotar medidas relacionadas a regularização,
209,54230.000069/2010-39,07-01-2010,Contendas,Itapecuru-Mirim,,,Inicial,['Sem_RTID'],,,,,,,Sem_Relatório,,,Certificada,01-06-2005,['PA_INCRA'],"PA São Benedito
PA Contendas",Sem_ACP,,,
210,54230.000070/2010-63,07-01-2010,Jacaré,Alcântara,,,Inicial,['Sem_RTID'],,,,,,,Sem_Relatório,,,Certificada,21-10-2004,['SEM_INFORMAÇÃO'],,Sem_ACP,,,
211,54230.000065/2010-51,07-01-2010,Mocajituba I,Alcântara,,,Inicial,['Sem_RTID'],,,,,,,Sem_Relatório,,,Não-certificada,,['SEM_INFORMAÇÃO'],,Sem_ACP,,,
212,54230.000071/2010-16,07-01-2010,São José,Guimarães,,,Inicial,['Sem_RTID'],,,,,,,Sem_Relatório,,,Certificada,09-07-2010,['SEM_INFORMAÇÃO'],,Sem_ACP,,,
213,54230.000068/2010-94,07-01-2010,Tubarão/Gleba Itamatatíua,Alcântara,,,Inicial,['Sem_RTID'],,,,,,,Sem_Relatório,,,Certificada,25-02-1998,['SEM_INFORMAÇÃO'],,Sem_ACP,,,
214,54230.000066/2010-03,08-01-2010,Santa Rosa,São Vicente Ferrer,,,Inicial,['Sem_RTID'],,,,,,,Sem_Relatório,,,Certificada,10-11-2009,['SEM_INFORMAÇÃO'],,Sem_ACP,,,
215,54230.000810/2010-61,04-02-2010,Vila Fé em Deus,Santa Rita,,,Inicial,['Sem_RTID'],,,,,,,Sem_Relatório,,,Certificada,19-02-2010,['SEM_INFORMAÇÃO'],,Sem_Sentença,,Adotar medidas relacionadas a regularização,A área possivelmente é de herança familiar. Como a comunidade pode ser tornar beneficiária de reforma agrária. Ver coma Maria José sobre PNRA
216,54230.001057/2010-21,24-02-2010,Miranda do Rosário,Rosário,,,RTID,['Antropológico_concluído'],,,,,,,Contrato,,,Certificada,11-05-2010,['AREA_PARTICULAR'],,Sem_ACP,,,Processo de reintegração de posse contra a Associação da Comunidade. Demacamp
217,54230.001307/2010-23,04-03-2010,Santo Antônio dos Pretos,Codó,,,Inicial,['Sem_RTID'],,,,,,,Sem_Relatório,,,Certificada,23-01-2008,['SEM_INFORMAÇÃO'],,Sem_ACP,,,
218,54230.002310/2010-64,29-03-2010,Moreira,Itapecuru-Mirim,,,Inicial,['Sem_RTID'],,,,,,,Sem_Relatório,,,Certificada,01-06-2005,['PA_INCRA'],"PA Cristina Alves
PA 17 de abril",Sem_ACP,,,
219,54230.003396/2010-42,13-04-2010,São Benedito Barros,Pirapemas,,,Inicial,['Sem_RTID'],,,,,,,Sem_Relatório,,,Não-certificada,,['SEM_INFORMAÇÃO'],,Sem_ACP,,,
220,54230.007042/2010-77,28-06-2010,Boca da Mata,Icatu,,,Inicial,['Sem_RTID'],,,,,,,Sem_Relatório,,,Certificada,22-02-2010,['SEM_INFORMAÇÃO'],,Sem_ACP,,,
221,54230.008261/2010-73,02-08-2010,Pução,Presidente Vargas,,,RTID,['Antropológico_concluído'],,,,,,,Contrato,,,Certificada,03-09-2008,['SEM_INFORMAÇÃO'],,Sem_ACP,,,3R
222,54230.008262/2010-18,02-08-2010,São José do Brito,Turiaçu,,,Inicial,['Sem_RTID'],,,,,,,Sem_Relatório,,,Certificada,28-07-2010,['SEM_INFORMAÇÃO'],,Sem_ACP,,,
223,54230.009564/2010-11,10-09-2010,Depósito,Brejo,726.0875,13.0,Portaria,['RTID_Concluído'],28 e 29-12-2017,,20-11-2023,,,,Contrato,-3.8201073501,-42.7163692817,Certificada,10-09-2010,['AREA_PARTICULAR'],,Com_Sentença, 19-05-2017,Concluir Regularização,Falta Publicação Portaria no DOE. Demacamp
224,54230.011319/2010-66,09-10-2010,Retiro,Icatu,,,Inicial,['Sem_RTID'],,,,,,,Sem_Relatório,,,Certificada,12-05-2010,['AREA_PARTICULAR'],,Sem_ACP,,,
225,54230.010617/2010-39,14-10-2010,Cambirimba,Colinas,,,Inicial,['Sem_RTID'],,,,,,,Sem_Relatório,-5.97620165,-44.2868348023,Certificada,30-03-2010,['AREA_PARTICULAR'],,Com_Sentença,20-09-2018,Concluir RTID,
226,54230.010993/2010-23,23-10-2010,Retiro/São João da Mata,Anajatuba,,,RTID,['Antropológico_concluído'],,,,,,,Contrato,,,Certificada,10-11-2010,['AREA_PARTICULAR'],,Sem_ACP,,,EcoDimensao
227,54230.011263/2010-40,28-10-2010,Jutay,Monção/Igarapé do Meio,,,Inicial,['Sem_RTID'],,,,,,,Sem_Relatório,,,Certificada,03-03-2011,['PA_INCRA'],PA Diamente Negro/Jutay,Com_Sentença,,Adotar medidas relacionadas a regularização,
228,54230.011908/2010-44,23-11-2010,Paissandu,Rosário,,,RTID,['Antropológico_concluído'],,,,,,,Contrato,,,Certificada,05-04-2010,['SEM_INFORMAÇÃO'],,Sem_ACP,,,Demacamp
229,54230.012469/2010-97,07-12-2010,Bandeira,Brejo,,,Inicial,['Sem_RTID'],,,,,,,Sem_Relatório,,,Certificada,09-03-2011,['SEM_INFORMAÇÃO'],,Sem_ACP,,,
230,54230.012468/2010-42,07-12-2010,Janaubeira,Santa Helena,,,RTID,['Antropológico_concluído'],,,,,,,Contrato,-2.1288697463,-45.1320703817,Certificada,10-03-2010,['AREA_PARTICULAR'],,Com_Decisão_Liminar, 23-08-2021,Concluir RTID,Demacamp
231,54230.012479/2010-22,07-12-2010,Pindoval de Fama,Turilândia,,,Inicial,['Sem_RTID'],,,,,,,Sem_Relatório,,,Certificada,12-03-2011,['SEM_INFORMAÇÃO'],,Sem_ACP,,,
232,54230.012663/2010-72,20-12-2010,Santa Barbára/Lagoa da Maria Rosa,Vargem Grande,,,Inicial,['Sem_RTID'],,,,,,,Sem_Relatório,,,Certificada,19-05-2014,['SEM_INFORMAÇÃO'],,Com_Sentença,18-05-2021,Concluir RTID,"Comunidade ocupa o Imóvel Baixa das Galinhas, já desapropriado e imitido na Posse do Incra"
233,54230.012664/2010-17,21-12-2010,Lago do Coco,Matões do Norte,,,RTID,"['Antropológico_concluído', 'Cadastro_família_concluído']",,,,,,,Contrato,,,Certificada,26-10-2012,['PA_INCRA'],PA Lago do Coco,Com_Sentença,30-09-2019,Adotar medidas relacionadas a regularização,3R
234,54230.000344/2011-03,27-01-2011,Povoado Quebra Foice,Presidente Juscelino,,,Inicial,['Sem_RTID'],,,,,,,Sem_Relatório,-2.9614767301,-44.1561491619,Certificada,,['SEM_INFORMAÇÃO'],,Sem_ACP,,,
235,54230.001269/2011-90,03-03-2011,Funil,Brejo,,,Inicial,['Sem_RTID'],,,,,,,Sem_Relatório,,,Certificada,10-12-2010,['SEM_INFORMAÇÃO'],,Sem_ACP,,,
236,54230.001903/2011-94,17-03-2011,Jacaré,Itapecuru-Mirim,,,Inicial,['Sem_RTID'],,,,,,,Sem_Relatório,,,Certificada,07-10-2014,['SEM_INFORMAÇÃO'],,Sem_ACP,,,
237,54230.001902/2011-40,17-03-2011,Monte Lindo II,Itapecuru-Mirim,,,Inicial,['Sem_RTID'],,,,,,,Sem_Relatório,,,Certificada,23-11-2010,['SEM_INFORMAÇÃO'],,Sem_ACP,,,
238,54230.001929/2011-32,23-03-2011,Cana Brava,Santa Quitéria do Maranhão,,,Inicial,['Sem_RTID'],,,,,,,Sem_Relatório,,,Certificada,17-03-2011,['SEM_INFORMAÇÃO'],,Sem_ACP,,,
239,54230.001930/2011-67,23-03-2011,Caruaras,Santa Quitéria do Maranhão,,,Inicial,['Sem_RTID'],,,,,,,Sem_Relatório,,,Não-certificada,,['SEM_INFORMAÇÃO'],,Sem_ACP,,,
240,54230.001928/2011-98,23-03-2011,Monte Cristo/Matuzinho,Codó,,,Inicial,['Sem_RTID'],,,,,,,Sem_Relatório,,,Certificada,19-04-2011,['SEM_INFORMAÇÃO'],,Sem_ACP,,,
241,54230.002296/2011-80,14-04-2011,Santa Bárbara,São Vicente Ferrer,,,Inicial,['Sem_RTID'],,,,,,,Sem_Relatório,,,Certificada,26-11-2007,['SEM_INFORMAÇÃO'],,Com_Decisão_Liminar,,Adotar medidas relacionadas a regularização,
242,54230.002271/2011-86,14-04-2011,Santo Antônio,Cedral,,,Inicial,['Sem_RTID'],,,,,,,Sem_Relatório,,,Certificada,23-06-2005,['SEM_INFORMAÇÃO'],,Sem_ACP,,,
243,54230.002485/2011-52,20-04-2011,Capoeira de Gado,Turiaçu,,,Inicial,['Sem_RTID'],,,,,,,Sem_Relatório,,,Certificada,02-01-2013,['SEM_INFORMAÇÃO'],,Sem_ACP,,,
244,54230.002483/2011-63,20-04-2011,Santa Luzia,Guimarães,,,Inicial,['Sem_RTID'],,,,,,,Sem_Relatório,,,Não-certificada,,['SEM_INFORMAÇÃO'],,Sem_ACP,,,
245,54230.002484/2011-16,20-04-2011,Vista Alegre,Serrano do Maranhão,,,Inicial,['Sem_RTID'],,,,,,,Sem_Relatório,,,Certificada,16-03-2009,['SEM_INFORMAÇÃO'],,Sem_ACP,,,
246,54230.002620/2011-60,04-05-2011,Maranhão Novo,Cedral,,,Inicial,['Sem_RTID'],,,,,,,Sem_Relatório,,,Certificada,29-03-2011,['SEM_INFORMAÇÃO'],,Sem_ACP,,,
247,54230.002748/2011-23,09-05-2011,Cacaueiro,Icatu,,,Inicial,['Sem_RTID'],,,,,,,Sem_Relatório,,,Não-certificada,,['SEM_INFORMAÇÃO'],,Sem_ACP,,,
248,54230.003154/2011-30,09-05-2011,Canta Galo I,São Vicente Ferrer,,,Inicial,['Sem_RTID'],,,,,,,Sem_Relatório,,,Certificada,19-05-2011,['SEM_INFORMAÇÃO'],,Sem_ACP,,,
249,54230.003939/2011-11,06-06-2011,Bacabal,Serrano do Maranhão,,,Inicial,['Sem_RTID'],,,,,,,Sem_Relatório,,,Certificada,15-08-2013,['SEM_INFORMAÇÃO'],,Sem_ACP,,,
250,54230.003933/2011-35,06-06-2011,Boa Vista,Brejo,,,Inicial,['Sem_RTID'],,,,,,,Sem_Relatório,,,Certificada,20-02-2004,['SEM_INFORMAÇÃO'],,Sem_ACP,,,
251,54230.003936/2011-79,06-06-2011,Boa Vista,Central do Maranhão,,,Inicial,['Sem_RTID'],,,,,,,Sem_Relatório,,,Certificada,29-03-2011,['SEM_INFORMAÇÃO'],,Sem_ACP,,,
252,54230.003937/2011-13,06-06-2011,Bom Princípio,Brejo,,,Inicial,['Sem_RTID'],,,,,,,Sem_Relatório,,,Certificada,06-02-2006,['SEM_INFORMAÇÃO'],,Sem_ACP,,,
253,54230.003942/2011-26,06-06-2011,Pau Pombo,Santa Helena,,,RTID,['Antropológico_concluído'],,,,,,,Contrato,-2.1822782275,-45.218006442,Certificada,29-03-2011,['AREA_PARTICULAR'],,Sem_ACP,,,Engecem
254,54230.003940/2011-37,06-06-2011,Pericaua,Cedral,,,Inicial,['Sem_RTID'],,,,,,,Sem_Relatório,,,Certificada,30-05-2014,['SEM_INFORMAÇÃO'],,Sem_ACP,,,
255,54230.003935/2011-24,06-06-2011,São Raimundo,Santa Helena,,,RTID,['Antropológico_concluído'],,,,,,,Contrato,,,Certificada,14-05-2011,['SEM_INFORMAÇÃO'],,Sem_ACP,,,Junto com Pau Pombo. Engecem
256,54230.003938/2011-68,06-06-2011,Vera Cruz,Serrano do Maranhão,,,RTID,['Antropológico_concluído'],,,,,,,Contrato,,,Certificada,16-03-2010,['AREA_PARTICULAR'],,Com_Sentença,28-10-2013,Concluir RTID,Demacamp
257,54230.003590/2011-17,14-06-2011,Caminho Novo,Penalva,,,Inicial,['Sem_RTID'],,,,,,,Sem_Relatório,,,Certificada,23-08-2006,['SEM_INFORMAÇÃO'],,Sem_ACP,,,
258,54230.003781/2011-71,28-06-2011,Chapadinha 01,Santa Helena,,,RTID,['Antropológico_concluído'],,,,,,,Contrato,,,Certificada,03-04-2011,['SEM_INFORMAÇÃO'],,Sem_ACP,,,Junto com Pau Pombo. Engecem
259,54230.004225/2011-11,05-07-2011,Nazaré,Serrano do Maranhão,,,Inicial,['Sem_RTID'],,,,,,,Sem_Relatório,,,Certificada,12-10-2008,['SEM_INFORMAÇÃO'],,Sem_ACP,,,
260,54230.003941/2011-81,06-07-2011,Rumo,Cururupu,,,Inicial,['Sem_RTID'],,,,,,,Sem_Relatório,,,Certificada,17-03-2011,['SEM_INFORMAÇÃO'],,Com_Sentença,24-10-2018,Concluir RTID,
261,54230.003943/2011-71,06-07-2011,Santa Rosa,Serrano do Maranhão,,,Inicial,['Sem_RTID'],,,,,,,Sem_Relatório,,,Certificada,07-06-2009,['SEM_INFORMAÇÃO'],,Sem_ACP,,,
262,54230.004126/2011-30,11-07-2011,Aldeia Velha,Pirapemas,,,RTID,['Antropológico_concluído'],,,,,,,Contrato,,,Certificada,15-07-2011,['AREA_PARTICULAR'],,Com_Sentença,17-10-2013,Concluir RTID,3R
263,54230.004133/2011-31,12-07-2011,Mó São Caetano,Matinha,,,Inicial,['Sem_RTID'],,,,,,,Sem_Relatório,,,Certificada,02-02-2012,['SEM_INFORMAÇÃO'],,Sem_ACP,,,
264,54230.004501/2011-41,19-07-2011,Curva da Mangueira,Olinda Nova do Maranhão,,,Inicial,['Sem_RTID'],,,,,,,Sem_Relatório,,,Certificada,27-05-2011,['SEM_INFORMAÇÃO'],,Sem_ACP,,,
265,54230.005145/2011-83,02-08-2011,Engole,Cedral,,,Inicial,['Sem_RTID'],,,,,,,Sem_Relatório,,,Certificada,29-03-2011,['AREA_PARTICULAR'],,Sem_ACP,,,
266,54230.005176/2011-34,08-08-2011,Mafra,Bequimão,,,Inicial,['Sem_RTID'],,,,,,,Sem_Relatório,,,Certificada,17-08-2011,['SEM_INFORMAÇÃO'],,Sem_ACP,,,
267,54230.005177/2011-89,08-08-2011,Pericumã,Peri Mirim,,,RTID,['Antropológico_concluído'],,,,,,,Contrato,,,Certificada,09-08-2011,['AREA_PARTICULAR'],,Com_Sentença,23-08-2021,Concluir RTID,Processo em favor de Comunidade Rio da Prata integrante do território. Engecem
268,54230.005191/2011-82,10-08-2011,Mato Alagado I,Itapecuru-Mirim,,,Inicial,['Sem_RTID'],,,,,,,Sem_Relatório,,,Certificada,16-08-2011,['AREA_PARTICULAR'],,Sem_ACP,,,
269,54230.005317/2011-19,17-08-2011,Munim Mirim,Axixá,,,Inicial,['Sem_RTID'],,,,,,,Sem_Relatório,,,Certificada,29-08-2011,['SEM_INFORMAÇÃO'],,Sem_ACP,,,
270,54230.005651/2011-72,26-08-2011,Macajubal,Guimarães,,,Inicial,['Sem_RTID'],,,,,,,Sem_Relatório,,,Certificada,14-12-2009,['SEM_INFORMAÇÃO'],,Sem_ACP,,,
271,54230.005650/2011-28,26-08-2011,Porto de Cabeceira,Guimarães,,,Inicial,['Sem_RTID'],,,,,,,Sem_Relatório,,,Certificada,25-02-2010,['SEM_INFORMAÇÃO'],,Sem_ACP,,,
272,54230.005758/2011-11,01-09-2011,Bom que Dói,Santa Helena,,,RTID,['Antropológico_concluído'],,,,,,,Contrato,,,Certificada,24-07-2011,['AREA_PARTICULAR'],,Sem_Sentença,,Conclui RTID,Junto com Pau Pombo. Engecem
273,54230.005743/2011-52,01-09-2011,Conceição,Bequimão,,,Inicial,['Sem_RTID'],,,,,,,Sem_Relatório,,,Certificada,08-06-2011,['AREA_PARTICULAR'],,Com_Decisão_Liminar,23-08-2021,Concluir Regularização,
274,54230.005754/2011-32,01-09-2011,Enseada dos Nogueiras,Palmeirândia,,,Inicial,['Sem_RTID'],,,,,,,Sem_Relatório,,,Certificada,23-01-2012,['AREA_PARTICULAR'],,Sem_ACP,,,
275,54230.005760/2011-90,01-09-2011,Mondêgo,Mirinzal,,,Inicial,['Sem_RTID'],,,,,,,Sem_Relatório,,,Não-certificada,,['SEM_INFORMAÇÃO'],,Sem_ACP,,,
276,54230.005746/2011-96,01-09-2011,Pericumã,Bequimão,,,Inicial,['Sem_RTID'],,,,,,,Sem_Relatório,,,Certificada,15-03-2012,['SEM_INFORMAÇÃO'],,Sem_ACP,,,
277,54230.005756/2011-21,01-09-2011,Santa Tereza,Mirinzal,,,Inicial,['Sem_RTID'],,,,,,,Sem_Relatório,,,Certificada,13-10-2011,['SEM_INFORMAÇÃO'],,Sem_ACP,,,
278,54230.005740/2011-19,01-09-2011,Vivo,Santa Helena,,,Inicial,['Sem_RTID'],,,,,,,Sem_Relatório,,,Certificada,,['SEM_INFORMAÇÃO'],,Sem_ACP,,,
279,54230.005757/2011-76,02-09-2011,Açude,Serrano do Maranhão,,,RTID,['Antropológico_concluído'],,,,,,,Contrato,,,Certificada,10-01-2008,['AREA_PARTICULAR'],,Com_Sentença,21-03-2017,Concluir RTID,Demacamp
280,54230.005750/2011-54,02-09-2011,Boi de Carro,Santa Helena,,,RTID,['Antropológico_concluído'],,,,,,,Contrato,,,Certificada,18-07-2011,['SEM_INFORMAÇÃO'],,Sem_ACP,,,Junto com Pau Pombo. Engecem
281,54230.005745/2011-41,02-09-2011,Canavial,Cedral,,,Inicial,['Sem_RTID'],,,,,,,Sem_Relatório,,,Certificada,29-03-2011,['SEM_INFORMAÇÃO'],,Sem_ACP,,,
282,54230.005749/2011-20,02-09-2011,Iteno,Serrano do Maranhão,,,Inicial,['Sem_RTID'],,,,,,,Sem_Relatório,,,Certificada,10-03-2010,['SEM_INFORMAÇÃO'],,Sem_ACP,,,
283,54230.005747/2011-31,02-09-2011,São Roque,Santa Helena,,,RTID,['Antropológico_concluído'],,,,,,,Contrato,,,Certificada,29-03-2011,['SEM_INFORMAÇÃO'],,Sem_ACP,,,Junto com Pau Pombo. Engecem
284,54230.005795/2011-29,05-09-2011,Rio de Peixe,Serrano do Maranhão,,,Inicial,['Sem_RTID'],,,,,,,Sem_Relatório,,,Certificada,10-03-2010,['SEM_INFORMAÇÃO'],,Sem_ACP,,,
285,54230.005793/2011-30,05-09-2011,Santa Rita,Bequimão,,,Inicial,['Sem_RTID'],,,,,,,Sem_Relatório,,,Certificada,22-08-2011,['SEM_INFORMAÇÃO'],,Sem_ACP,,,
286,54230.005794/2011-84,05-09-2011,Sumauma,Porto Rico do Maranhão,,,Inicial,['Sem_RTID'],,,,,,,Sem_Relatório,,,Certificada,08-06-2011,['SEM_INFORMAÇÃO'],,Sem_ACP,,,
287,54230.006125/2011-20,06-09-2011,Armindio,Santa Helena,,,Inicial,['Sem_RTID'],,,,,,,Sem_Relatório,,,Certificada,09-03-2011,['SEM_INFORMAÇÃO'],,Sem_ACP,,,
288,54230.005748/2011-85,08-09-2011,Onça,Santa Inês,,,RTID,['Antropológico_concluído'],,,,,,,Contrato,,,Certificada,08-11-2011,['AREA_PARTICULAR'],,Sem_ACP,,,Demacamp
289,54230.006712/2011-19,17-10-2011,Mariano dos Campos,Serrano do Maranhão,,,RTID,['Antropológico_concluído'],,,,,,,Contrato,,,Certificada,08-01-2011,['AREA_PARTICULAR'],,Sem_ACP,,,Demacamp
290,54230.007270/2011-28,16-11-2011,Boqueirão,Icatu,,,Inicial,['Sem_RTID'],,,,,,,Sem_Relatório,,,Certificada,28-12-2011,['SEM_INFORMAÇÃO'],,Sem_ACP,,,
291,54230.007875/2011-19,13-12-2011,Canto do Lago,Paulino Neves,,,Inicial,['Sem_RTID'],,,,,,,Sem_Relatório,,,Certificada,29-09-2010,['SEM_INFORMAÇÃO'],,Sem_ACP,,,
292,54230.008009/2011-45,19-12-2011,Juraraitá,Bequimão,,,Inicial,['Sem_RTID'],,,,,,,Sem_Relatório,,,Certificada,14-12-2011,['SEM_INFORMAÇÃO'],,Sem_ACP,,,
293,54230.008082/2011-17,20-12-2011,Turimirim,Turilândia,,,Inicial,['Sem_RTID'],,,,,,,Sem_Relatório,,,Certificada,17-01-2012,['SEM_INFORMAÇÃO'],,Sem_ACP,,,
294,54230.000847/2012-51,30-01-2012,Carro Quebrado,Anajatuba,,,Inicial,['Sem_RTID'],,,,,,,Sem_Relatório,,,Certificada,19-01-2012,['SEM_INFORMAÇÃO'],,Sem_ACP,,,
295,54230.001070/2012-42,06-02-2012,Monta Barro/Queimadas/Três Irmãos,Codó,,,Inicial,['Sem_RTID'],,,,,,,Sem_Relatório,,,Certificada,25-04-2014,['AREA_PARTICULAR'],,Sem_Sentença,,Concluir RTID,
296,54230.001213/2012-16,07-02-2012,Gurutil/Baturité/Bom Viver,Mirinzal,,,Inicial,['Sem_RTID'],,,,,,,Sem_Relatório,,,Certificada,22-08-2011,['SEM_INFORMAÇÃO'],,Sem_ACP,,,
297,54230.001624/2012-10,06-03-2012,Itamatatiua,Alcântara,,,Inicial,['Sem_RTID'],,,,,,,Sem_Relatório,,,Certificada,25-02-1998,['SEM_INFORMAÇÃO'],,Sem_ACP,,,
298,54230.001901/2012-86,20-03-2012,Queimadas,Viana,,,Inicial,['Sem_RTID'],,,,,,,Sem_Relatório,,,Não-certificada,,['SEM_INFORMAÇÃO'],,Sem_ACP,,,
299,54230.004337/2012-53,25-09-2012,Cana Brava das Moças,Caxias,,,Inicial,['Sem_RTID'],,,,,,,Sem_Relatório,-5.3052346976,-43.4816324645,Certificada,09-07-2012,['PA_INCRA'],PA Cana Brava das Moças,Sem_ACP,,,
300,54230.004700/2012-31,11-10-2012,Deus Bem Sabe/Paxibal,Serrano do Maranhão,,,Inicial,['Sem_RTID'],,,,,,,Sem_Relatório,,,Certificada,01-10-2014,['SEM_INFORMAÇÃO'],,Sem_ACP,,,
301,54230.005545/2012-70,01-11-2012,Careminhas,Santa Rita,,,Inicial,['Sem_RTID'],,,,,,,Sem_Relatório,,,Certificada,19-11-2012,['PA_INCRA'],PA Caremas Sefaz,Sem_ACP,,,
302,54230.006180/2012-09,17-12-2012,Angelim,Central do Maranhão,,,Inicial,['Sem_RTID'],,,,,,,Sem_Relatório,,,Certificada,30-03-2010,['SEM_INFORMAÇÃO'],,Sem_ACP,,,
303,54230.006281/2012-71,17-12-2012,Pirinã,Presidente Sarney,,,Inicial,['Sem_RTID'],,,,,,,Sem_Relatório,,,Certificada,22-02-2011,['SEM_INFORMAÇÃO'],,Sem_ACP,,,
304,54230.000615/2013-84,27-02-2013,São Domingos,Palmeirândia,,,Inicial,['Sem_RTID'],,,,,,,Sem_Relatório,,,Não-certificada,,['SEM_INFORMAÇÃO'],,Sem_ACP,,,
305,54230.000886/2013-30,15-03-2013,Santa Cruz I e II,Barreirinhas,,,Inicial,['Sem_RTID'],,,,,,,Sem_Relatório,,,Certificada,08-10-2014,['SEM_INFORMAÇÃO'],,Sem_ACP,,,"Santa Cruz I/Santa Cruz II/Quebra I/Quebra II/Cabeceira do Centro/Moia/ 
Comunidades Integrantes do TQ"
306,54230.001076/2013-09,20-03-2013,Estrela Divina,Turiaçu,,,Inicial,['Sem_RTID'],,,,,,,Sem_Relatório,,,Certificada,01-06-2012,['SEM_INFORMAÇÃO'],,Sem_ACP,,,
307,54230.001024/2013-24,08-04-2013,São Bento/Data Genipapo ,Brejo,,,Inicial,['Sem_RTID'],,,,,,,Sem_Relatório,,,Certificada,19-02-2014,['SEM_INFORMAÇÃO'],,Sem_ACP,,,
308,54230.001496/2013-87,11-04-2013,Prata do Quirino,Chapadinha,,,Inicial,['Sem_RTID'],,,,,,,Sem_Relatório,,,Certificada,15-12-2010,['SEM_INFORMAÇÃO'],,Sem_ACP,,,
309,54230.001503/2013-41,11-04-2013,Poço de Pedra,Chapadinha,,,Inicial,['Sem_RTID'],,,,,,,Sem_Relatório,,,Certificada,11-06-2010,['SEM_INFORMAÇÃO'],,Sem_ACP,,,
310,54230.001801/2013-31,22-04-2013,Sibéria,Bequimão,,,Inicial,['Sem_RTID'],,,,,,,Sem_Relatório,,,Certificada,19-03-2013,['SEM_INFORMAÇÃO'],,Sem_ACP,,,
311,54230.001800/2013-96,22-04-2013,São Benedito do Caratíua,Guimarães,,,Inicial,['Sem_RTID'],,,,,,,Sem_Relatório,,,Certificada,20-07-2010,['SEM_INFORMAÇÃO'],,Sem_ACP,,,
312,54230.001927/2013-13,26-04-2013,Sapucaia do Albino,Satubinha,,,Inicial,['Sem_RTID'],,,,,,,Sem_Relatório,,,Certificada,09-04-2013,['SEM_INFORMAÇÃO'],,Sem_ACP,,,
313,54230.003344/2013-19,18-06-2013,Santa Rita dos Cardosos,Guimarães,,,Inicial,['Sem_RTID'],,,,,,,Sem_Relatório,,,Certificada,20-07-2010,['SEM_INFORMAÇÃO'],,Sem_ACP,,,
314,54230.004500/2013-69,09-07-2013,Santa Cruz,Capinzal do Norte,,,Inicial,['Sem_RTID'],,,,,,,Sem_Relatório,,,Certificada,16-12-2009,['SEM_INFORMAÇÃO'],,Sem_ACP,,,
315,54230.005724/2013-98,03-09-2013,São Roque,Anajatuba,,,Inicial,['Sem_RTID'],,,,,,,Sem_Relatório,,,Certificada,21-02-2005,['SEM_INFORMAÇÃO'],,Sem_ACP,,,
316,54230.006064/2013-62,10-09-2013,São Bento,Itapecuru-Mirim,,,Inicial,['Sem_RTID'],,,,,,,Sem_Relatório,,,Certificada,29-10-2014,['SEM_INFORMAÇÃO'],,Sem_ACP,,,
317,54230.007083/2013-14,16-10-2013,Ilha de São José/Madureira,São Vicente Ferrer,,,Inicial,['Sem_RTID'],,,,,,,Sem_Relatório,,,Certificada,09-11-2011,['SEM_INFORMAÇÃO'],,Sem_ACP,,,
318,54230.007090/2013-16,17-10-2013,Puraquê,Codó,,,Inicial,['Sem_RTID'],,,,,,,Sem_Relatório,,,Certificada,30-04-2014,['SEM_INFORMAÇÃO'],,Com_Decisão_Liminar,,Concluir Regularização,
319,54230.007603/2013-81,01-11-2013,Oiteiro,Cururupu,,,Inicial,['Sem_RTID'],,,,,,,Sem_Relatório,,,Certificada,29-03-2010,['SEM_INFORMAÇÃO'],,Sem_ACP,,,
320,54230.007605/2013-70,01-11-2013,Alto Brasil/Boa Vista,Cururupu,,,Inicial,['Sem_RTID'],,,,,,,Sem_Relatório,,,Certificada,13-12-2010,['SEM_INFORMAÇÃO'],,Sem_ACP,,,
321,54230.007602/2013-36,01-11-2013,Cuba,Santa Inês,,,Inicial,['Sem_RTID'],,,,,,,Sem_Relatório,,,Certificada,20-08-2013,['SEM_INFORMAÇÃO'],,Sem_ACP,,,
322,54230.007604/2013-25,01-11-2013,Condurus,Cururupu,,,Inicial,['Sem_RTID'],,,,,,,Sem_Relatório,,,Certificada,04-03-2010,['SEM_INFORMAÇÃO'],,Sem_ACP,,,
323,54230.007593/2013-83,01-11-2013,Soledade,Serrano do Maranhão,,,Inicial,['Sem_RTID'],,,,,,,Sem_Relatório,,,Certificada,11-02-2015,['SEM_INFORMAÇÃO'],,Sem_ACP,,,
324,54230.008824/2013-76,18-12-2013,Mundico,Santa Helena,,,Inicial,['Sem_RTID'],,,,,,,Sem_Relatório,,,Não-certificada,,['SEM_INFORMAÇÃO'],,Sem_ACP,,,
325,54230.008826/2013-65,18-12-2013,Tanque de Rodagem,Matões,,,RTID,['Antropológico_andamento'],,,,,,,Acordo_Coop_Técnica,,,Certificada,16-11-2013,['AREA_PARTICULAR'],,Com_Sentença,13-12-2021,Concluir RTID,"São João e Tanque de Rodagem 
Integrantes do TQ
Acorco com UNILAB para elaboração do RA"
326,54230.000024/2014-98,08-01-2014,São Joaquim,Penalva,,,Inicial,['Sem_RTID'],,,,,,,Sem_Relatório,,,Certificada,04-09-2013,['SEM_INFORMAÇÃO'],,Sem_ACP,,,
327,54230.000213/2014-61,06-02-2014,Mendes/Adjacência,Serrano do Maranhão,,,Inicial,['Sem_RTID'],,,,,,,Sem_Relatório,,,Não-certificada,,['SEM_INFORMAÇÃO'],,Sem_ACP,,,
328,54230.000214/2014-13,06-02-2014,Curralzinho,Santa Helena,,,Inicial,['Sem_RTID'],,,,,,,Sem_Relatório,,,Certificada,20-12-2012,['SEM_INFORMAÇÃO'],,Sem_ACP,,,
329,54230.000215/2014-50,06-02-2014,Brejo de São Felix/Acquib,Parnarama,,,Inicial,['Sem_RTID'],,,,,,,Sem_Relatório,,,Certificada,14-11-2006,['SEM_INFORMAÇÃO'],,Sem_ACP,,,
330,54230.000216/2014-02,06-02-2014,Cruzeiro,Dom Pedro,,,Inicial,['Sem_RTID'],,,,,,,Sem_Relatório,,,Certificada,19-12-2011,['SEM_INFORMAÇÃO'],,Sem_ACP,,,
331,54230.000385/2014-34,21-02-2014,Fortaleza,Cururupu,,,Inicial,['Sem_RTID'],,,,,,,Sem_Relatório,,,Certificada,08-06-2010,['SEM_INFORMAÇÃO'],,Sem_ACP,,,
332,54230.000384/2014-90,21-02-2014,Cachoeira,Itapecuru-Mirim,,,Inicial,['Sem_RTID'],,,,,,,Sem_Relatório,,,Certificada,15-08-2014,['SEM_INFORMAÇÃO'],,Sem_ACP,,,
333,54230.000593/2014-33,24-03-2014,Santa Rita,Cururupu,,,Inicial,['Sem_RTID'],,,,,,,Sem_Relatório,,,Certificada,29-03-2010,['SEM_INFORMAÇÃO'],,Sem_ACP,,,
334,54230.000387/2014-23,21-02-2014,Santa Luzia,Santa Helena,,,Inicial,['Sem_RTID'],,,,,,,Sem_Relatório,,,Certificada,26-08-2013,['SEM_INFORMAÇÃO'],,Sem_ACP,,,
335,54230.000386/2014-89,21-02-2014,Capoeira Grande,Peri Mirim,,,Inicial,['Sem_RTID'],,,,,,,Sem_Relatório,,,Certificada,16-07-2012,['SEM_INFORMAÇÃO'],,Sem_ACP,,,
336,54230.000414/2014-68,07-03-2014,Bacuri,Santa Helena,,,Inicial,['Sem_RTID'],,,,,,,Sem_Relatório,,,Certificada,07-08-2011,['SEM_INFORMAÇÃO'],,Sem_ACP,,,
337,54230.000415/2014-11,07-03-2014,Santa Filomena,Presidente Vargas,,,Inicial,['Sem_RTID'],,,,,,,Sem_Relatório,,,Certificada,03-09-2008,['SEM_INFORMAÇÃO'],,Sem_ACP,,,
338,54230.000416/2014-57,07-03-2014,Monte Alegre,Itapecuru-Mirim,,,Inicial,['Sem_RTID'],,,,,,,Sem_Relatório,,,Certificada,09-04-2013,['SEM_INFORMAÇÃO'],,Sem_ACP,,,
339,54230.000444/2014-74,11-03-2014,São Francisco de Onório,São Vicente Ferrer,,,Inicial,['Sem_RTID'],,,,,,,Sem_Relatório,,,Certificada,05-11-2011,['SEM_INFORMAÇÃO'],,Sem_ACP,,,
340,54230.000459/2014-32,12-03-2014,Guajará,Turilândia,,,Inicial,['Sem_RTID'],,,,,,,Sem_Relatório,,,Certificada,29-11-2013,['SEM_INFORMAÇÃO'],,Com_Sentença,11-12-2018,Concluir RTID,
341,54230.000592/2014-99,24-03-2014,Imbiral/Cabeça Branca/São Benedito do Céu,Pedro do Rosário,6777.6252,137.0,RTID,['Antropológico_concluído'],,,,,,,Doação,-2.8057716162,-45.4196470746,Certificada,11-04-2014,['AREA_PARTICULAR'],6 imóveis incidentes no TQ reivindicado,Com_Decisão_Liminar,,Adotar medidas relacionadas a regularização,"Incluído no Planejamento 2024
Rel. Fundiário
O.S. SEI(19268966)"
342,54230.000853/2014-71,09-04-2014,Coheb,São Luís Gonzaga do MA,,,Inicial,['Sem_RTID'],,,,,,,Sem_Relatório,,,Certificada,08-04-2008,['SEM_INFORMAÇÃO'],,Sem_ACP,,,
343,54230.001093/2014-19,09-05-2014,Promissão Velha,São Luís Gonzaga do MA,,,Inicial,['Sem_RTID'],,,,,,,Sem_Relatório,,,Certificada,08-04-2008,['SEM_INFORMAÇÃO'],,Sem_ACP,,,
344,54230.001412/2014-96,18-06-2014,Fandango,Itapecuru-Mirim,,,Inicial,['Sem_RTID'],,,,,,,Sem_Relatório,,,Certificada,13-06-2013,['SEM_INFORMAÇÃO'],,Sem_ACP,,,
345,54230.001606/2014-91,01-07-2014,São Pedro,Anajatuba,,,Inicial,['Sem_RTID'],,,,,,,Sem_Relatório,,,Certificada,02-03-2005,['SEM_INFORMAÇÃO'],,Sem_ACP,,,
346,54230.001617/2014-71,02-07-2014,Campinho,Turiaçu,,,Inicial,['Sem_RTID'],,,,,,,Sem_Relatório,,,Certificada,01-06-2016,['SEM_INFORMAÇÃO'],,Sem_ACP,,,
347,54230.001618/2014-16,02-07-2014,Lago Grande,Peritoró,,,Inicial,['Sem_RTID'],,,,,,,Sem_Relatório,-4.4302819599,-44.2049773947,Certificada,21-10-2010,['SEM_INFORMAÇÃO'],,Sem_ACP,,,
348,54230.001902/2014-92,11-07-2014,Boa Esperança,Serrano do Maranhão,,,Inicial,['Sem_RTID'],,,,,,,Sem_Relatório,,,Certificada,28-11-2007,['SEM_INFORMAÇÃO'],,Sem_ACP,,,
349,54230.002600/2014-41,18-07-2014,Porto de Baixo,Guimarães,,,Inicial,['Sem_RTID'],,,,,,,Sem_Relatório,,,Certificada,05-06-2013,['SEM_INFORMAÇÃO'],,Sem_ACP,,,
350,54230.002602/2014-21,18-07-2014,São Bento,Santa Helena,,,Inicial,['Sem_RTID'],,,,,,,Sem_Relatório,,,Certificada,09-05-2011,['SEM_INFORMAÇÃO'],,Sem_ACP,,,
351,54230.002601/2014-86,18-07-2014,São Benedito dos Colocados,Codó,,,Inicial,['Sem_RTID'],,,,,,,Sem_Relatório,,,Certificada,28-11-2007,['SEM_INFORMAÇÃO'],,Sem_Sentença,,Concluir RTID,Possível área do Estado
352,54230.002774/2014-02,08-08-2014,Malungos do Olho D'Água,Serrano do Maranhão,,,Inicial,['Sem_RTID'],,,,,,,Sem_Relatório,,,Certificada,15-07-2014,['SEM_INFORMAÇÃO'],,Sem_ACP,,,
353,54230.002911/2014-09,29-08-2014,Lago do Sapateiro,Guimarães,,,Inicial,['Sem_RTID'],,,,,,,Sem_Relatório,,,Certificada,22-10-2013,['SEM_INFORMAÇÃO'],,Sem_ACP,,,
354,54230.003982/2014-11,02-12-2014,Santa Rita,Penalva,,,Inicial,['Sem_RTID'],,,,,,,Sem_Relatório,,,Certificada,08-05-2013,['SEM_INFORMAÇÃO'],,Sem_ACP,,,
355,54230.000130/2015-52,22-01-2015,Mocajituba II,Alcântara,,,Inicial,['Sem_RTID'],,,,,,,Sem_Relatório,,,Não-certificada,,['SEM_INFORMAÇÃO'],,Sem_ACP,,,
356,54230.000131/2015-05,22-01-2015,Santo Antonio dos Mandingas,São João do Soter,,,Inicial,['Sem_RTID'],,,,,,,Sem_Relatório,,,Certificada,26-11-2007,['SEM_INFORMAÇÃO'],,Sem_ACP,,,
357,54230.000132/2015-41,22-01-2015,Santa Cruz,São Luís Gonzaga do MA,,,Inicial,['Sem_RTID'],,,,,,,Sem_Relatório,,,Certificada,01-04-2008,['SEM_INFORMAÇÃO'],,Sem_ACP,,,
358,54230.000135/2015-85,16-01-2015,Lagoa do Leme,Codó,,,Inicial,['Sem_RTID'],,,,,,,Sem_Relatório,,,Não-certificada,,['SEM_INFORMAÇÃO'],,Sem_ACP,,,
359,54230.001488/2015-01,03-03-2015,Rio dos Peixes,Pedro do Rosário,,,Inicial,['Sem_RTID'],,,,,,,Sem_Relatório,,,Certificada,20-09-2011,['SEM_INFORMAÇÃO'],,Sem_ACP,,,
360,54230.001778/2015-46,24-03-2015,Sítio dos Arrudas,Fernando Falcão,,,Inicial,['Sem_RTID'],,,,,,,Sem_Relatório,,,Certificada,25-11-2010,['SEM_INFORMAÇÃO'],,Sem_ACP,,,
361,54230.003305/2015-83,18-05-2015,Pedreiras,Cajapió,,,Inicial,['Sem_RTID'],,,,,,,Sem_Relatório,,,Certificada,26-05-2013,['SEM_INFORMAÇÃO'],,Sem_ACP,,,
362,54230.003302/2015-40,18-05-2015,São Lourenço/Unidos Venceremos,Cajapió,,,Inicial,['Sem_RTID'],,,,,,,Sem_Relatório,,,Não-certificada,,['SEM_INFORMAÇÃO'],,Sem_ACP,,,
363,54230.003301/2015-03,18-05-2015,Posto Seleção,Cajapió,,,Inicial,['Sem_RTID'],,,,,,,Sem_Relatório,,,Certificada,22-07-2013,['SEM_INFORMAÇÃO'],,Sem_ACP,,,
364,54230.003304/2015-39,18-05-2015,Picadas,Cajapió,,,Inicial,['Sem_RTID'],,,,,,,Sem_Relatório,,,Certificada,11-04-2013,['SEM_INFORMAÇÃO'],,Sem_ACP,,,
365,54230.003303/2015-94,28-05-2015,João Ganga,Cajapió,,,Inicial,['Sem_RTID'],,,,,,,Sem_Relatório,,,Não-certificada,,['SEM_INFORMAÇÃO'],,Sem_ACP,,,
366,54230.004224/2015-09,04-08-2015,Monteiro,Timon,,,Inicial,['Sem_RTID'],,,,,,,Sem_Relatório,,,Certificada,27-03-2006,['SEM_INFORMAÇÃO'],,Sem_ACP,,,
367,54230.005058/2015-50,04-09-2015,Rosário,Serrano do Maranhão,,,RTID,['Antropológico_concluído'],,,,,,,Contrato,,,Certificada,20-12-2012,['AREA_PARTICULAR'],,Sem_ACP,,,Demacamp
368,54230.005283/2015-96,28-09-2015,São José de Belino,Cajari,,,Inicial,['Sem_RTID'],,,,,,,Sem_Relatório,,,Certificada,04-09-2013,['SEM_INFORMAÇÃO'],,Sem_ACP,,,
369,54230.005385/2015-85,28-09-2015,Maruim,Icatu,,,Inicial,['Sem_RTID'],,,,,,,Sem_Relatório,,,Certificada,16-05-2014,['SEM_INFORMAÇÃO'],,Sem_ACP,,,
370,54230.006074/2015-60,19-10-2015,Nova Jericó,Presidente Sarney,,,Inicial,['Sem_RTID'],,,,,,,Sem_Relatório,,,Certificada,20-12-2006,['SEM_INFORMAÇÃO'],,Sem_ACP,,,
371,54230.006459/2015-27,28-10-2015,Quimeira,Pedro do Rosário,,,Inicial,['Sem_RTID'],,,,,,,Sem_Relatório,,,Não-certificada,,['SEM_INFORMAÇÃO'],,Sem_ACP,,,
372,54230.007100/2015-77,19-11-2015,Cuba,Pinheiro,,,Inicial,['Sem_RTID'],,,,,,,Sem_Relatório,,,Certificada,13-10-2014,['PA_INCRA'],PA Cuba,Sem_ACP,,,
373,54230.007401/2015-09,30-11-2015,Boa Vista dos Conrados,Vargem Grande,,,Inicial,['Sem_RTID'],,,,,,,Sem_Relatório,,,Certificada,13-04-2015,['SEM_INFORMAÇÃO'],,Sem_ACP,,,
374,54230.001112/2016-79,27-01-2016,Cocalinho,Parnarama,,,Inicial,['Sem_RTID'],,,,,,,Sem_Relatório,,,Certificada,26-02-2014,['SEM_INFORMAÇÃO'],,Sem_Sentença,,Concluir Regularização,
375,54230.004347/2012-99,21-03-2016,Guerreiro,Parnarama,,,Inicial,['Sem_RTID'],,,,,,,Sem_Relatório,-5.630926729,-43.3292945178,Certificada,25-02-2014,['SEM_INFORMAÇÃO'],,Sem_ACP,,,Conversão para Processo de Regularização Fundiária de Território Quilombola em 21-03-2016.
376,54230.003806/2016-41,21-09-2016,Dona Selvina do Povoado Tabuleiro,São Domingos do Azeitão,,,Inicial,['Sem_RTID'],,,,,,,Sem_Relatório,,,Certificada,02-05-2016,['SEM_INFORMAÇÃO'],,Sem_ACP,,,
377,54230.004838/2016-63,26-12-2016,São Marcos,São Vicente Ferrer,,,Inicial,['Sem_RTID'],,,,,,,Sem_Relatório,,,Certificada,26-03-2015,['SEM_INFORMAÇÃO'],,Sem_ACP,,,
378,54230.000235/2017-73,21-03-2017,Centro Grande,Axixá,,,Inicial,['Sem_RTID'],,,,,,,Sem_Relatório,,,Certificada,15-12-2016,['SEM_INFORMAÇÃO'],,Sem_ACP,,,
379,54230.000236/2017-18,21-03-2017,Burgos,Axixá,,,Inicial,['Sem_RTID'],,,,,,,Sem_Relatório,,,Certificada,15-12-2016,['SEM_INFORMAÇÃO'],,Sem_ACP,,,
380,54230.000674/2017-86,08-05-2017,Ponta do Curral,Penalva,,,Inicial,['Sem_RTID'],,,,,,,Sem_Relatório,,,Certificada,13-10-2014,['SEM_INFORMAÇÃO'],,Sem_ACP,,,
381,54230.000675/2017-21,08-05-2017,Queres,Penalva,,,Inicial,['Sem_RTID'],,,,,,,Sem_Relatório,,,Certificada,13-10-2014,['SEM_INFORMAÇÃO'],,Sem_ACP,,,
382,54230.000720/2017-47,19-05-2017,Itaquipé,Peri Mirim,,,Inicial,['Sem_RTID'],,,,,,,Sem_Relatório,,,Certificada,15-12-2016,['SEM_INFORMAÇÃO'],,Sem_ACP,,,
383,54230.000730/2017-82,22-05-2017,São José,Penalva,,,Inicial,['Sem_RTID'],,,,,,,Sem_Relatório,,,Certificada,13-10-2014,['SEM_INFORMAÇÃO'],,Sem_ACP,,,
384,54230.000742/2017-15,23-05-2017,Poleiro,São Vicente Ferrer,,,Inicial,['Sem_RTID'],,,,,,,Sem_Relatório,,,Certificada,02-05-2017,['SEM_INFORMAÇÃO'],,Sem_ACP,,,
385,54230.000775/2017-57,25-05-2017,São José dos Matos,Itapecuru-Mirim,,,Inicial,['Sem_RTID'],,,,,,,Sem_Relatório,,,Certificada,02-05-2017,['SEM_INFORMAÇÃO'],,Sem_ACP,,,
386,54230.000952/2017-03,06-07-2017,Santa Rosa,Pinheiro,2401.0286,,Inicial,['Sem_RTID'],,,,,,,Sem_Relatório,,,Certificada,15-12-2016,['AREA_PARTICULAR'],Fazenda Santa Rosa,Sem_ACP,,,
387,54230.000939/2017-46,06-07-2017,Malhadalta de Adão,Nina Rodrigues,,22.0,RTID,"['Antropológico_andamento', 'Cadastro_família_concluído']",,,,,,,Execução_Direta,,,Certificada,02-05-20 16,['PA_INCRA'],PA Mangueira,Com_Decisão_Liminar,,Concluir Regularização,"Comunidade em Projeto de Assentamento (PA Mangueir)
Precisa conciliar.
Plano de longo prazo até 2026"
388,54230.000941/2017-15,06-07-2017,Santa Maria,Pinheiro,,,Inicial,['Sem_RTID'],,,,,,,Sem_Relatório,,,Certificada,15-12-2016,['SEM_INFORMAÇÃO'],,Sem_ACP,,,
389,54230.000973/2017-11,06-07-2017,Cedreiro/Simaúma,Penalva,,,Inicial,['Sem_RTID'],,,,,,,Sem_Relatório,,,Certificada,13-10-2014,['SEM_INFORMAÇÃO'],,Sem_ACP,,,
390,54230.001187/2017-31,09-08-2017,São José/Zé Bernardo,Anajatuba,,,Inicial,['Sem_RTID'],,,,,,,Sem_Relatório,,,Certificada,15-12-2016,['SEM_INFORMAÇÃO'],,Sem_ACP,,,
391,54230.001188/2017-85,09-08-2017,Bom Jardim,Anajatuba,,,Inicial,['Sem_RTID'],,,,,,,Sem_Relatório,,,Certificada,15-12-2016,['SEM_INFORMAÇÃO'],,Sem_ACP,,,
392,54230.001190/2017-54,09-08-2017,Ladeira,Anajatuba,,,Inicial,['Sem_RTID'],,,,,,,Sem_Relatório,,,Certificada,15-12-2016,['SEM_INFORMAÇÃO'],,Sem_ACP,,,
393,54230.001191/2017-07,09-08-2017,Ilhas do Teso,Anajatuba,,,Inicial,['Sem_RTID'],,,,,,,Sem_Relatório,,,Certificada,15-12-2016,['SEM_INFORMAÇÃO'],,Sem_ACP,,,
394,54230.001192/2017-43,09-08-2017,Centro do Isidório,Anajatuba,,,Inicial,['Sem_RTID'],,,,,,,Sem_Relatório,,,Certificada,12-12-2016,['SEM_INFORMAÇÃO'],,Sem_ACP,,,
395,54230.001193/2017-89,09-08-2017,Cumbi,Anajatuba,,,Inicial,['Sem_RTID'],,,,,,,Sem_Relatório,,,Certificada,15-12-2016,['SEM_INFORMAÇÃO'],,Sem_ACP,,,
396,54230.001201/2017-04,14-08-2017,Cupauba,Anajatuba,,,Inicial,['Sem_RTID'],,,,,,,Sem_Relatório,,,Certificada,15-12-2016,['SEM_INFORMAÇÃO'],,Sem_ACP,,,
397,54230.001397/2017-29,30-08-2017,Guarimã,São Benedito do Rio Preto,,,Inicial,['Sem_RTID'],,,,,,,Sem_Relatório,,,Certificada,15-12-2016,['SEM_INFORMAÇÃO'],,Com_Sentença,,Adotar medidas relacionadas a regularização,
398,54000.006654/2017-22,17-10-2017,São Cristóvão,Viana,,,Inicial,['Sem_RTID'],,,,,,,Sem_Relatório,,,Não-certificada,,['SEM_INFORMAÇÃO'],,Sem_ACP,,,
399,54000.007674/2017-11,20-10-2017,Tambá,Cantanhede,,,Inicial,['Sem_RTID'],,,,,,,Sem_Relatório,,,Certificada,,['SEM_INFORMAÇÃO'],,Sem_ACP,,,
400,54000.039151/2017-33,18-12-2017,Barriguda/Magnifica/Pulgão/Campo Rio,Itapecuru-Mirim,,,Inicial,['Sem_RTID'],,,,,,,Sem_Relatório,,,Certificada,,['SEM_INFORMAÇÃO'],,Com_Decisão_Liminar,,Concluir Regularização,
401,54000.038548/2018-99,20-03-2018,Proteção/São João do Povoado Mata,Itapecuru-Mirim,,,Inicial,['Sem_RTID'],,,,,,,Sem_Relatório,,,Certificada,,['SEM_INFORMAÇÃO'],,Sem_ACP,,,
402,54000.056334/2018-02,19-04-2018,Corrente II,Itapecuru-Mirim,,,Inicial,['Sem_RTID'],,,,,,,Sem_Relatório,,,Certificada,,['SEM_INFORMAÇÃO'],,Sem_ACP,,,
403,54000.067446/2018-81,09-05-2018,Sedreiro/Sumaúma,Penalva,,,Inicial,['Sem_RTID'],,,,,,,Sem_Relatório,,,Certificada,,['SEM_INFORMAÇÃO'],,Sem_ACP,,,
404,54000.085959/2018-73,11-06-2018,Santa Vitória Gama,Pinheiro,,,Inicial,['Sem_RTID'],,,,,,,Sem_Relatório,,,Certificada,,['SEM_INFORMAÇÃO'],,Sem_ACP,,,
405,54000.087703/2018-09,13-06-2018,Macacos/Brejim/Curupá,Alto Parnaíba,,,Inicial,['Sem_RTID'],,,,,,,Sem_Relatório,,,Certificada,,['SEM_INFORMAÇÃO'],,Sem_ACP,,,
406,54000.104105/2018-48,09-07-2018,Ponta Bonita,Anajatuba,,,Inicial,['Sem_RTID'],,,,,,,Sem_Relatório,,,Não-certificada,,['SEM_INFORMAÇÃO'],,Sem_ACP,,,
407,54000.207318/2018-86,12-12-2018,Monte Alegre,Itapecuru-Mirim,,,Inicial,['Sem_RTID'],,,,,,,Sem_Relatório,,,Certificada,,['SEM_INFORMAÇÃO'],,Sem_ACP,,,
408,54000.208862/2018-45,14-12-2018,Paraíso/Anajazal,Mirinzal,,,Inicial,['Sem_RTID'],,,,,,,Sem_Relatório,,,Certificada,,['SEM_INFORMAÇÃO'],,Sem_ACP,,,
409,54000.048420/2019-14,05-04-2019,São Domingos dos Pretos,São João do Soter,,,Inicial,['Sem_RTID'],,,,,,,Sem_Relatório,,,Certificada,,['SEM_INFORMAÇÃO'],,Sem_ACP,,,
410,54000.035155/2018-23,03-04-2018,São Paulo Gama,Pinheiro,,,Inicial,['Sem_RTID'],,,,,,,Sem_Relatório,,,Certificada,,['SEM_INFORMAÇÃO'],,Sem_ACP,,,
411,54000.159852/2019-50,25-10-2019,São Lourenço,Presidente Juscelino,,,Inicial,['Sem_RTID'],,,,,,,Sem_Relatório,,,Certificada,,['PA_INCRA'],PA Vila Nova,Sem_ACP,,,
412,54000.058567/2021-37,24-09-2021,Alta Floresta,Fortuna,,,Inicial,['Sem_RTID'],,,,,,,Sem_Relatório,,,Certificada,,['PA_INCRA'],PA LAGOA DA FORTUNA,Sem_ACP,,,
413,54000.101260/2021-63,05-10-2021,Cedro,Santa Rita,,,Inicial,['Sem_RTID'],,,,,,,Sem_Relatório,,,Não-certificada,,['SEM_INFORMAÇÃO'],,Sem_ACP,,,
414,54000.017302/2022-60,25-02-2022,Bom Descanso,São João do Soter,,,Inicial,['Sem_RTID'],,,,,,,Sem_Relatório,,,Não-certificada,,['SEM_INFORMAÇÃO'],,Sem_ACP,,,
415,54000.036422/2022-66,08-04-2022,Vai Quem Quer/Boi Baiano/Vila Nova,São Mateus do MA,,,Inicial,['Sem_RTID'],,,,,,,Sem_Relatório,,,Certificada,,['PA_INCRA'],Associação quilombola requer a conversão do PA em território quilombola. Não hã consenso entre as associações do PA com relação à regularização de todo o PA como território coletivo.,Sem_ACP,,,
416,54000.017431/2022-58,22-02-2022,Curicas/Lagoa do Canto,Caxias,,,Inicial,['Sem_RTID'],,,,,,,Sem_Relatório,,,Não-certificada,,['SEM_INFORMAÇÃO'],,Sem_ACP,,,
417,54000.043497/2023-84,09-05-2023,Lavras,Cantanhede,,,Inicial,['Sem_RTID'],,,,,,,Sem_Relatório,,,Certificada,,['SEM_INFORMAÇÃO'],,Sem_ACP,,,
418,54000.066456/2021-02,27-08-2021,São João/Merengo,Santa Rita,,,Inicial,['Sem_RTID'],,,,,,,Sem_Relatório,,,Certificada,,['SEM_INFORMAÇÃO'],,Sem_ACP,,,
419,54000.097056/2023-01,02-10-2023,Santo Antônio dos Coelhos,Vargem Grande,,,Inicial,['Sem_RTID'],,,,,,,Sem_Relatório,,,Certificada,,['SEM_INFORMAÇÃO'],,Sem_ACP,,,
420,54000.124537/2023-98,18-12-2023,Amapá dos Lucindos,Nina Rodrigues,,,Inicial,['Sem_RTID'],,,,,,,Sem_Relatório,,,Certificada,,['SEM_INFORMAÇÃO'],,Sem_ACP,,,
421,54000.057889/2024-10,13-05-2024,Cantinho,Barreirinhas,,,Inicial,['Sem_RTID'],,,,,,,Sem_Relatório,,,Certificada,13/06/2013,['AREA_PARTICULAR'],,Sem_ACP,,,Ação de reintegração de posse contra a comunidade
422,54230.001189/2017-20,09-08-2017,Teso Grande,Anajatuba,,,Inicial,['Sem_RTID'],,,,,,,Sem_Relatório,,,Certificada,,['SEM_INFORMAÇÃO'],,Sem_ACP,,,
423,54000.070058/2024-25,05-06-2024,Jacu,Pastos Bons,,,Inicial,['Sem_RTID'],,,,,,,Sem_Relatório,,,Certificada,,['SEM_INFORMAÇÃO'],,Sem_ACP,,,
424,54000.090234/2024-45,24-07-2024,Morro Redondo,Vargem Grande,,,Inicial,['Sem_RTID'],,,,,,,Sem_Relatório,,,Certificada,,['PA_INCRA'],PA Boi Manso,Sem_Sentença,,,
